time,open,high,low,close,volume
1784340000,4004.45,4004.46,4004.01,4004.23,0.32552594
1784343600,4004.22,4005.08,4004.22,4004.43,0.51123737
1784347200,4005.96,4006.47,4005.96,4006.37,0.09557682
1784350800,4006.47,4007.21,4006.43,4006.62,0.74340230
1784354400,4006.64,4007.55,4006.29,4006.32,0.37944362
1784358000,4007.57,4009.99,4007.18,4008.22,1.65591844
1784361600,4009.99,4009.99,4009.43,4009.59,0.01908187
1784365200,4009.62,4010.00,4009.52,4009.66,0.08059070
1784368800,4010.00,4010.00,4009.72,4009.88,0.12748411
1784372400,4009.43,4009.99,4009.43,4009.87,1.13253614
1784376000,4009.92,4009.92,4009.43,4009.69,0.06949848
1784379600,4009.43,4009.45,4009.43,4009.43,0.11215459
1784383200,4009.43,4009.43,4007.67,4007.75,4.25643976
1784386800,4007.68,4009.72,4007.67,4007.69,3.17451526
1784390400,4008.74,4009.50,4007.96,4009.16,0.64431505
1784394000,4009.50,4011.00,4009.49,4010.10,0.20331647
1784397600,4010.99,4010.99,4006.16,4008.08,16.43382584
1784401200,4006.88,4007.06,4001.78,4003.50,19.64805361
1784404800,4004.38,4004.38,4002.00,4002.21,5.85589797
1784408400,4003.38,4003.51,4002.02,4003.09,0.17609233
1784412000,4003.94,4003.94,4002.42,4002.69,0.31773500
1784415600,4003.51,4009.56,4002.80,4008.00,0.63671591
1784419200,4008.52,4010.90,4008.34,4010.19,2.24981224
1784422800,4009.56,4009.85,4007.37,4008.33,2.57655399
1784426400,4009.13,4009.52,4008.38,4009.50,1.02030412
1784430000,4008.56,4009.38,4008.55,4008.71,0.03771128
1784433600,4008.56,4008.63,4007.43,4007.82,4.70952385
1784437200,4007.56,4008.79,4007.56,4008.51,0.35640459
1784440800,4008.24,4008.79,4005.67,4007.27,4.08185366
1784444400,4006.45,4008.56,4006.24,4006.85,0.89173520
1784448000,4006.97,4006.97,4005.73,4006.30,0.03024318
1784451600,4005.54,4005.54,4003.93,4004.77,1.67619998
1784455200,4005.00,4005.26,4003.29,4003.64,4.84637554
1784458800,4003.82,4003.82,4002.72,4002.97,2.23845437
1784462400,4003.47,4003.47,3999.66,3999.94,2.99000377
1784466000,3999.89,4002.48,3999.89,4000.40,0.96748967
1784469600,4002.13,4005.26,4002.12,4003.33,1.82633198
1784473200,4005.00,4005.12,4003.76,4004.54,0.02149085
1784476800,4004.72,4005.12,4003.56,4004.08,0.65602691
1784480400,4003.52,4006.64,4003.52,4004.25,2.50062953
1784484000,4006.12,4006.15,4004.66,4005.56,0.46741654
1784487600,4006.08,4006.16,4006.08,4006.12,0.32501485
1784491200,4006.13,4006.15,4004.92,4005.01,0.84320397
1784494800,4004.99,4005.69,4003.31,4004.62,0.12776161
1784498400,4003.30,4004.04,3987.67,3994.70,4.98350646
1784502000,3988.07,3988.88,3984.01,3985.77,0.39360816
1784505600,3988.73,4001.10,3981.92,3987.59,2.64890288
1784509200,4004.00,4010.86,3991.80,4007.38,4.68921348
1784512800,4000.85,4019.08,3998.11,4013.47,4.07133161
1784516400,4013.38,4019.07,4013.38,4016.43,0.41635585
1784520000,4017.27,4018.41,4012.78,4016.73,9.71211689
1784523600,4011.38,4011.77,4000.25,4004.82,7.82452989
1784527200,4004.72,4005.42,3997.21,4000.13,0.59482336
1784530800,3997.61,4012.00,3997.61,3998.44,4.80565431
1784534400,4015.60,4021.32,4010.22,4016.22,10.78780284
1784538000,4011.94,4013.04,4008.13,4012.05,0.76559685
1784541600,4013.63,4015.79,4012.00,4013.76,3.31580336
1784545200,4016.70,4032.39,4012.65,4026.29,11.57809249
1784548800,4017.20,4017.20,4001.32,4011.49,2.96682317
1784552400,4004.78,4008.29,3999.41,4002.84,14.54127916
1784556000,3998.80,4006.05,3993.40,3996.42,3.93951371
1784559600,3999.86,4010.65,3999.85,4005.82,2.66126538
1784563200,4005.11,4010.97,3997.40,4002.76,8.46109559
1784566800,4003.53,4006.30,3998.50,4003.33,3.26098592
1784570400,4001.81,4003.77,3999.37,4000.60,2.37193243
1784574000,4001.00,4008.50,3999.00,4004.87,2.38081696
1784577600,4001.44,4002.99,4000.30,4002.26,0.06806235
1784581200,4001.20,4005.15,4000.58,4002.67,0.52704355
1784584800,4006.04,4006.04,3995.51,4000.25,5.51642190
1784588400,3995.50,4002.54,3995.50,3999.82,1.80615020
1784592000,4004.07,4016.20,4000.12,4012.08,1.42404293
1784595600,4020.21,4025.00,4016.63,4021.02,1.93763035
1784599200,4015.60,4033.80,4015.58,4029.37,4.59676960
1784602800,4030.10,4041.31,4030.10,4037.25,2.82056583
1784606400,4039.31,4041.00,4036.63,4037.34,2.39299258
1784610000,4040.77,4057.05,4040.53,4047.88,4.56709527
1784613600,4052.84,4073.38,4052.84,4065.16,5.46326121
1784617200,4068.87,4068.93,4058.29,4063.20,3.24338415
1784620800,4060.57,4060.57,4052.65,4058.55,19.22473948
1784624400,4058.01,4059.81,4054.87,4058.03,5.98293184
1784628000,4058.32,4060.14,4054.01,4058.36,2.04531296
1784631600,4054.10,4054.10,4047.14,4049.82,1.10484183
1784635200,4049.31,4057.25,4045.38,4050.36,0.61647056
1784638800,4049.49,4052.26,4037.84,4042.73,8.84071730
1784642400,4046.55,4066.04,4046.55,4060.05,7.48597513
1784646000,4060.92,4072.69,4057.82,4065.45,1.57904031
1784649600,4064.90,4068.02,4060.94,4064.92,2.83639415
1784653200,4063.09,4063.47,4051.28,4056.74,21.98462780
1784656800,4060.25,4075.88,4059.00,4073.62,2.44823391
1784660400,4074.47,4075.61,4068.79,4073.03,47.05914476
1784664000,4075.59,4075.62,4068.78,4073.43,1.59987641
1784667600,4068.58,4071.35,4067.76,4068.17,1.39069018
1784671200,4071.81,4074.82,4068.85,4071.46,13.25147780
1784674800,4071.19,4072.81,4070.77,4072.05,0.67953185
1784678400,4070.61,4089.99,4068.94,4077.80,8.87174743
1784682000,4090.00,4110.69,4090.00,4106.52,13.85363025
1784685600,4110.19,4118.21,4109.07,4111.66,0.51671980
1784689200,4118.84,4129.45,4118.84,4124.85,31.76115461
1784692800,4117.92,4117.93,4113.97,4115.93,7.47206216
1784696400,4115.42,4121.13,4112.01,4114.46,2.84839663
1784700000,4119.15,4123.18,4103.31,4112.23,40.90410817
1784703600,4104.99,4108.62,4098.36,4102.51,22.11425603
1784707200,4100.18,4108.59,4099.66,4107.21,9.48103551
1784710800,4108.09,4110.46,4104.07,4108.33,4.22546637
1784714400,4103.58,4110.28,4103.58,4108.98,3.39877214
1784718000,4106.71,4112.87,4105.59,4108.54,6.97225474
1784721600,4115.57,4123.09,4100.37,4116.49,12.13401069
1784725200,4108.14,4143.52,4108.14,4138.52,69.53510501
1784728800,4145.65,4151.64,4135.05,4146.40,3.82787355
1784732400,4139.81,4156.59,4139.81,4150.61,5.79633685
1784736000,4149.74,4149.99,4135.88,4142.23,2.27083528
1784739600,4139.11,4139.11,4131.02,4133.20,1.33453019
1784743200,4129.90,4131.30,4126.68,4129.42,1.22914549
1784746800,4127.78,4129.09,4123.61,4124.96,3.08074314
1784750400,4124.98,4130.29,4123.08,4126.63,5.32203689
1784754000,4124.71,4126.92,4124.70,4126.00,2.88741113
1784757600,4120.51,4121.50,4107.33,4113.88,10.95041816
1784761200,4114.70,4124.78,4111.14,4113.18,4.05385550
1784764800,4125.83,4126.28,4119.80,4123.64,2.87089854
1784768400,4130.46,4131.00,4108.52,4119.63,10.43367761
1784772000,4111.11,4111.12,4106.23,4109.89,1.71792919
1784775600,4120.45,4125.65,4117.87,4117.87,0.11638281
1784779200,4116.02,4121.27,4112.81,4112.81,1.00148142
1784782800,4113.32,4120.39,4113.32,4115.85,1.90593054
1784786400,4117.59,4119.59,4111.97,4113.49,0.60466729
1784790000,4112.94,4112.94,4085.04,4085.21,59.91123347
1784793600,4084.60,4088.60,4082.80,4087.34,10.26860121
1784797200,4089.99,4090.00,4083.51,4083.51,3.95661116
1784800800,4083.73,4087.10,4081.76,4086.67,0.72758901
1784804400,4085.91,4086.51,4069.84,4080.01,6.55822250
1784808000,4079.02,4079.02,4059.10,4059.10,7.77381028
1784811600,4056.85,4057.12,4034.41,4039.81,9.03991436
1784815200,4040.74,4056.05,4038.19,4053.06,14.74369722
1784818800,4053.31,4053.31,4040.00,4042.12,1.73596225
1784822400,4043.93,4046.15,4042.31,4045.76,2.10325274
1784826000,4046.85,4047.29,4037.53,4038.10,9.39467925
1784829600,4037.14,4042.38,4035.85,4040.83,2.46952500
1784833200,4041.29,4045.06,4037.24,4043.69,26.01551740
1784836800,4045.16,4045.32,4044.28,4044.81,6.23970869
1784840400,4044.97,4045.14,4044.31,4044.31,1.02870693
1784844000,4044.31,4045.46,4044.29,4045.01,5.18917253
1784847600,4045.20,4045.52,4043.64,4044.51,5.24592358
1784851200,4043.70,4045.21,4037.24,4045.21,1.75998637
1784854800,4040.86,4044.96,4039.55,4041.86,2.05724573
1784858400,4039.60,4042.22,4021.56,4021.56,63.49377433
1784862000,4021.56,4028.66,4021.56,4024.70,3.56939807
1784865600,4024.11,4025.85,4022.89,4022.89,0.26633781
1784869200,4022.98,4026.13,4018.88,4019.20,4.67913402
1784872800,4019.11,4033.71,4019.11,4030.00,2.64984478
1784876400,4034.19,4045.05,4034.19,4040.98,0.68232865
1784880000,4041.01,4050.04,4039.04,4050.04,5.30626039
1784883600,4048.94,4050.43,4045.45,4046.93,3.03486138
1784887200,4050.96,4054.10,4050.16,4051.82,1.12438387
1784890800,4052.61,4053.53,4046.25,4051.61,6.96782405
1784894400,4048.65,4052.19,4044.89,4046.63,0.37137421
1784898000,4047.04,4059.13,4037.77,4059.03,9.09298507
1784901600,4059.30,4061.89,4048.94,4057.21,17.40356971
1784905200,4058.59,4072.44,4057.03,4069.17,13.78000856
1784908800,4068.98,4070.75,4057.85,4057.85,1.69745249
1784912400,4060.22,4061.69,4056.70,4057.70,0.27281435
1784916000,4056.65,4056.65,4046.71,4048.45,0.29199311
1784919600,4047.18,4050.89,4045.01,4048.16,0.51665006
1784923200,4047.78,4048.91,4045.90,4045.90,2.44078582
1784926800,4046.44,4050.41,4045.74,4050.41,0.25765800
1784930400,4050.93,4050.93,4048.89,4050.17,0.52879794
1784934000,4050.36,4051.85,4050.19,4051.85,0.40931982
1784937600,4052.66,4052.66,4051.08,4051.08,5.88093670
1784941200,4051.66,4051.66,4050.76,4051.09,1.77693083
1784944800,4050.83,4050.95,4049.97,4049.97,0.17579910
1784948400,4049.31,4049.31,4048.21,4049.12,0.84098887
1784952000,4049.20,4049.20,4048.71,4048.98,1.43874265
1784955600,4049.14,4049.27,4048.71,4049.02,0.28843166
1784959200,4049.02,4049.58,4048.46,4048.49,2.17167561
1784962800,4049.19,4050.88,4048.05,4048.86,17.60521183
1784966400,4048.86,4049.18,4047.71,4048.61,5.09875398
1784970000,4048.61,4050.51,4047.67,4049.08,10.94025848
1784973600,4049.06,4050.82,4046.71,4048.47,28.62511601
1784977200,4048.68,4049.21,4048.23,4049.00,1.45691300
1784980800,4049.02,4049.05,4048.15,4048.39,0.18972307
1784984400,4048.91,4050.40,4048.36,4050.38,0.05523618
1784988000,4049.94,4050.90,4049.24,4049.24,5.07100916
1784991600,4051.27,4051.29,4050.11,4051.21,0.09788354
1784995200,4051.53,4051.53,4049.68,4050.91,0.93403537
1784998800,4050.44,4051.11,4049.91,4051.11,0.13319980
1785002400,4052.29,4053.26,4052.10,4053.26,0.07960295
1785006000,4052.55,4052.55,4050.50,4051.06,1.20741776
1785009600,4051.68,4051.93,4050.35,4050.68,0.16520272
1785013200,4051.63,4053.45,4051.63,4053.21,0.11757969
1785016800,4054.25,4054.25,4053.08,4053.42,0.05922073
1785020400,4053.18,4053.66,4051.86,4052.64,1.47243089
1785024000,4051.92,4051.93,4050.81,4051.46,0.40227069
1785027600,4051.60,4052.05,4051.60,4051.94,0.74144185
1785031200,4051.95,4052.24,4051.50,4051.86,0.47414462
1785034800,4052.05,4052.94,4051.35,4052.18,2.60550206
1785038400,4052.20,4054.20,4051.92,4054.07,0.21186254
1785042000,4054.40,4055.02,4052.44,4054.49,1.06104630
1785045600,4054.56,4054.56,4051.99,4051.99,2.04282804
1785049200,4052.67,4053.41,4052.14,4052.65,0.18154506
1785052800,4052.17,4053.88,4051.83,4053.41,0.19682780
1785056400,4053.43,4055.51,4053.43,4055.51,5.34667310
1785060000,4055.51,4057.67,4053.66,4056.97,1.47855605
1785063600,4056.92,4057.45,4054.70,4055.78,1.59747383
1785067200,4055.95,4055.95,4054.73,4055.30,1.26899521
1785070800,4055.40,4056.64,4055.34,4056.64,0.03122866
1785074400,4056.85,4058.08,4056.18,4058.02,3.49092378
1785078000,4057.88,4060.16,4056.72,4058.30,1.82966281
1785081600,4059.37,4062.73,4059.37,4060.77,0.50187062
1785085200,4060.52,4060.89,4057.79,4059.92,1.63437296
1785088800,4059.65,4059.76,4058.98,4058.99,1.60067314
1785092400,4058.91,4059.00,4058.91,4058.98,0.31264681
1785096000,4058.99,4059.00,4058.90,4059.00,3.81310313
1785099600,4059.00,4068.27,4059.00,4067.63,3.64221450
1785103200,4069.88,4087.53,4069.88,4081.70,2.83462411
1785106800,4082.93,4085.69,4073.84,4085.69,12.56208388
1785110400,4088.70,4105.47,4082.98,4092.41,1.12945281
1785114000,4100.89,4100.89,4090.00,4095.59,1.52661639
1785117600,4099.88,4099.88,4085.38,4085.38,0.95713093
1785121200,4082.33,4082.97,4076.77,4081.91,1.21737819
1785124800,4081.91,4083.30,4078.65,4081.14,0.70825612
1785128400,4081.18,4081.29,4077.32,4081.12,1.11314574
1785132000,4084.07,4089.62,4083.14,4088.45,3.80387145
1785135600,4090.19,4096.04,4082.80,4082.80,0.13051492
1785139200,4083.50,4087.64,4079.34,4087.64,0.79000273
1785142800,4087.42,4087.42,4083.26,4083.26,0.03536560
1785146400,4088.50,4092.87,4084.24,4091.39,0.94780871
1785150000,4091.16,4093.93,4085.36,4086.43,6.33606134
1785153600,4088.00,4088.01,4073.20,4075.69,1.32016311
1785157200,4075.91,4081.51,4062.01,4062.01,17.79394914
1785160800,4065.83,4070.30,4055.85,4068.26,6.14287224
1785164400,4068.28,4071.73,4063.97,4071.73,12.10784198
1785168000,4071.29,4085.51,4070.65,4074.21,9.77620385
1785171600,4074.90,4074.90,4065.63,4070.03,13.78128327
1785175200,4072.03,4072.44,4066.43,4069.95,2.27285522
1785178800,4068.95,4080.89,4068.91,4075.02,0.66982350
1785182400,4076.53,4076.53,4068.30,4068.30,8.08950663
1785186000,4068.19,4071.77,4067.25,4069.29,5.09423543
1785189600,4070.91,4073.76,4063.01,4065.38,9.71467686
1785193200,4065.20,4066.21,4062.18,4063.83,4.64172541
1785196800,4063.58,4063.58,4053.43,4053.43,9.03147016
1785200400,4049.69,4050.58,4035.82,4035.82,5.25141428
1785204000,4035.22,4038.76,4035.22,4036.89,1.66602291
1785207600,4037.65,4041.55,4037.65,4041.55,0.20488594
1785211200,4041.46,4041.46,4036.62,4036.62,0.63277964
1785214800,4035.10,4036.00,4029.79,4036.00,3.61131180
1785218400,4036.00,4043.42,4036.00,4041.69,14.16035356
1785222000,4042.01,4043.68,4038.88,4038.88,1.17752280
1785225600,4040.98,4044.18,4036.13,4036.56,3.07367128
1785229200,4036.68,4036.68,4014.36,4014.36,16.84169542
1785232800,4016.79,4019.85,4013.88,4019.85,3.18207722
1785236400,4019.85,4022.75,4017.64,4020.63,1.35298794
1785240000,4017.14,4027.10,4017.14,4024.07,2.27556957
1785243600,4025.52,4027.31,4013.23,4015.10,6.91860288
1785247200,4016.67,4021.36,4007.48,4018.51,3.42259430
1785250800,4018.44,4038.05,4017.16,4038.05,7.64480702
1785254400,4038.86,4039.32,4030.46,4030.76,0.96956945
1785258000,4031.14,4034.02,4020.44,4020.44,3.24101901
1785261600,4021.55,4023.28,4014.89,4016.20,0.72017484
1785265200,4018.33,4020.40,4017.25,4019.95,0.34619200
1785268800,4020.22,4022.56,4016.84,4020.48,1.55104339
1785272400,4020.93,4026.07,4020.93,4026.07,4.01633576
1785276000,4025.52,4025.52,4007.93,4011.84,3.96124688
1785279600,4011.52,4017.98,4011.23,4017.98,6.56115435
1785283200,4018.85,4019.20,4014.08,4014.08,1.01636614
1785286800,4012.20,4021.18,4003.35,4017.81,7.50769737
1785290400,4018.39,4026.50,4015.59,4023.55,5.22042096
1785294000,4020.93,4020.93,4015.94,4015.94,6.40641803
1785297600,4013.28,4018.34,4013.07,4018.34,0.91619374
1785301200,4019.54,4029.52,4019.13,4025.15,7.30049270
1785304800,4026.20,4035.61,4026.20,4033.51,18.72589088
1785308400,4033.36,4038.98,4033.36,4035.28,1.49739580
1785312000,4035.79,4035.80,4028.50,4030.14,0.21010559
1785315600,4029.50,4029.50,4026.50,4026.51,0.74476963
1785319200,4026.51,4026.51,4019.22,4020.01,4.60275295
1785322800,4020.92,4027.81,4020.00,4025.81,0.97102072
1785326400,4024.12,4024.95,4004.71,4013.65,1.11162773
1785330000,4017.18,4017.43,3998.00,4000.91,7.95326105
1785333600,4002.06,4004.51,3993.20,4001.07,2.42139839
1785337200,4001.59,4008.41,4001.11,4007.59,0.33262656
1785340800,4004.74,4024.10,4003.49,4023.35,3.03490559
1785344400,4021.65,4041.10,4021.65,4034.57,6.09002881
1785348000,4038.85,4097.72,4038.85,4096.99,63.11302842
1785351600,4096.00,4103.46,4039.30,4039.30,15.65164788
1785355200,4039.70,4059.60,4039.30,4059.60,3.42639560
1785358800,4058.94,4059.40,4054.84,4056.67,2.84651887
1785362400,4060.18,4080.19,4055.95,4080.19,9.39587977
1785366000,4081.72,4088.49,4076.46,4076.46,6.49505200
1785369600,4076.46,4077.99,4059.10,4060.85,103.04627824
1785373200,4066.32,4081.72,4066.32,4078.69,12.65965313
1785376800,4080.76,4080.98,4064.50,4064.70,31.77582434
1785380400,4059.10,4061.44,4046.84,4052.51,0.64027135
1785384000,4052.50,4052.50,4043.15,4043.15,0.07540039
1785387600,4039.96,4045.90,4026.89,4031.37,1.54114861
1785391200,4030.69,4035.09,4028.33,4030.47,3.15740359
1785394800,4032.92,4045.72,4032.92,4036.19,3.96118881
1785398400,4034.21,4065.29,4034.21,4056.49,2.05352244
1785402000,4060.30,4063.37,4055.87,4059.66,0.96962328
1785405600,4058.98,4075.39,4058.98,4072.21,0.61281476
1785409200,4072.48,4075.00,4070.51,4071.91,0.44079186
1785412800,4072.12,4074.74,4064.00,4064.75,112.35272529
1785416400,4063.70,4099.85,4062.00,4099.85,4.91638690
1785420000,4102.29,4111.42,4082.49,4090.66,10.23923289
1785423600,4092.68,4100.89,4079.39,4100.34,1.74836751
1785427200,4099.56,4108.92,4099.56,4100.61,8.18466371
1785430800,4101.06,4101.74,4093.49,4095.97,2.88522019
1785434400,4096.01,4098.70,4091.73,4091.73,0.41345744
1785438000,4092.13,4105.09,4092.13,4102.48,3.52728239
1785441600,4103.54,4107.36,4094.60,4096.23,3.31426135
1785445200,4097.67,4100.67,4094.51,4100.67,3.09083921
1785448800,4099.29,4102.01,4096.68,4102.01,0.19983650
1785452400,4101.91,4103.72,4096.80,4099.38,0.09632676
1785456000,4097.50,4097.50,4084.22,4086.80,0.58944449
1785459600,4092.48,4092.48,4076.48,4076.83,3.02447361
1785463200,4079.02,4083.68,4070.98,4070.98,2.82650259
1785466800,4068.68,4069.97,4068.14,4069.10,2.04861249
1785470400,4069.20,4081.00,4068.20,4071.03,27.42809594
1785474000,4075.68,4077.22,4069.31,4069.31,0.70483647
1785477600,4068.87,4079.81,4067.97,4073.56,40.38134488
1785481200,4071.52,4072.73,4063.60,4063.60,1.58315334
1785484800,4060.41,4060.41,4049.68,4058.34,14.34433491
1785488400,4056.02,4056.36,4047.72,4051.71,9.52227084
1785492000,4050.98,4053.30,4049.30,4050.83,0.72123097
1785495600,4050.56,4054.26,4047.84,4050.72,1.47860980
1785499200,4050.15,4054.10,4037.56,4037.56,1.52749182
1785502800,4035.14,4040.17,4020.17,4025.00,24.55253608
1785506400,4025.00,4045.49,4019.60,4045.08,14.55146105
1785510000,4044.87,4045.92,4035.06,4040.44,6.42505551
1785513600,4039.31,4043.83,4037.50,4039.60,1.87378663
1785517200,4039.60,4049.05,4039.31,4047.79,3.03836464
1785520800,4049.67,4049.67,4042.69,4044.16,3.01255401
1785524400,4045.91,4048.39,4042.44,4048.39,0.59379792
1785528000,4046.36,4046.99,4041.00,4041.00,21.54981909
1785531600,4039.30,4044.87,4036.45,4042.92,16.61864091
1785535200,4043.49,4045.06,4042.55,4045.06,0.03748950
1785538800,4045.08,4045.35,4042.63,4043.75,0.88382939
1785542400,4042.47,4043.90,4040.87,4042.67,3.17064752
1785546000,4042.35,4042.63,4040.80,4041.95,0.29080005
1785549600,4041.53,4043.09,4040.53,4042.33,2.10487333
1785553200,4042.97,4043.07,4040.44,4041.35,1.79820222
1785556800,4041.35,4041.99,4040.30,4041.99,0.01554159
1785560400,4042.03,4042.70,4041.00,4042.32,0.11130912
1785564000,4042.33,4042.33,4041.60,4042.13,0.94738293
1785567600,4041.93,4042.43,4041.57,4041.72,0.06499189
1785571200,4042.34,4043.58,4041.64,4043.37,0.51225361
1785574800,4043.75,4044.18,4042.81,4042.93,7.94627862
1785578400,4043.89,4043.89,4041.70,4042.38,0.18843085
1785582000,4041.89,4042.69,4041.27,4042.53,0.42212482
1785585600,4042.71,4043.01,4042.00,4042.83,0.95593834
1785589200,4043.65,4043.73,4042.17,4042.17,0.19506066
1785592800,4042.50,4043.04,4041.52,4042.00,0.26992211
1785596400,4042.63,4042.69,4041.27,4042.00,0.44881845
1785600000,4041.71,4041.84,4039.87,4039.87,2.10861603
1785603600,4039.87,4039.87,4039.86,4039.87,1.09994262
1785607200,4039.86,4039.86,4033.61,4034.72,7.95929425
1785610800,4041.10,4044.13,4041.10,4043.51,5.45162328
1785614400,4044.12,4047.27,4042.00,4042.00,31.53118767
1785618000,4044.36,4047.17,4044.36,4045.82,0.25011724
1785621600,4045.91,4045.94,4044.24,4045.05,0.57475676
1785625200,4045.48,4045.69,4043.72,4043.72,0.18041519
1785628800,4044.44,4047.56,4042.05,4045.30,9.40261783
1785632400,4046.40,4049.74,4046.39,4049.11,2.24491345
1785636000,4049.07,4051.98,4048.68,4051.98,8.35554750
1785639600,4051.98,4055.51,4051.67,4054.44,0.88330441
1785643200,4054.70,4056.85,4053.89,4054.41,0.78780880
1785646800,4055.70,4056.50,4055.58,4055.70,0.47073673
1785650400,4055.70,4056.35,4055.05,4055.22,1.17894059
1785654000,4055.26,4056.35,4055.00,4055.53,1.57186688
1785657600,4055.09,4055.29,4054.07,4054.30,1.52377263
1785661200,4054.38,4054.84,4054.07,4054.84,0.07997357
1785664800,4055.03,4055.22,4054.32,4055.03,1.17224392
1785668400,4054.88,4055.44,4054.19,4054.81,1.62547498
1785672000,4054.27,4055.70,4054.27,4054.63,1.70432773
1785675600,4055.64,4055.68,4054.56,4055.57,0.54349254
1785679200,4055.51,4057.40,4052.57,4057.27,2.93088885
1785682800,4056.56,4056.56,4054.76,4056.27,0.70637697
1785686400,4057.28,4059.11,4055.99,4058.82,0.71221221
1785690000,4059.07,4064.08,4056.93,4062.74,0.59642500
1785693600,4062.37,4062.74,4061.80,4062.18,0.57086649
1785697200,4061.46,4061.88,4059.27,4060.81,0.37944773
1785700800,4061.53,4065.61,4060.60,4065.61,1.26432532
1785704400,4063.72,4069.59,4063.61,4069.54,0.67742032
1785708000,4070.30,4077.10,4059.30,4059.30,1.32994984
1785711600,4058.25,4065.25,4057.17,4065.25,0.82657040
1785715200,4066.95,4070.00,4049.46,4049.46,16.31508002
1785718800,4048.40,4052.00,4043.63,4044.70,2.43011492
1785722400,4052.15,4057.42,4047.10,4057.42,2.09694884
1785726000,4054.34,4059.04,4051.48,4055.74,1.53728577
1785729600,4057.16,4062.67,4055.75,4056.86,1.51098515
1785733200,4056.86,4056.99,4048.08,4056.99,4.24954760
1785736800,4061.01,4061.12,4055.43,4055.46,1.60537557
1785740400,4055.57,4056.22,4046.27,4053.28,0.93236657
1785744000,4053.80,4053.80,4048.19,4051.47,1.30986012
1785747600,4051.73,4052.78,4044.70,4048.76,2.01179895
1785751200,4048.75,4048.75,4041.54,4041.54,3.96116331
1785754800,4043.36,4055.40,4040.17,4055.40,1.10216657
1785758400,4055.70,4055.70,4038.15,4041.10,2.63524929
1785762000,4042.74,4042.75,4018.78,4028.60,9.98966700
1785765600,4027.45,4032.79,4023.36,4032.39,6.25290529
1785769200,4032.39,4036.17,4027.03,4032.13,2.64566481
1785772800,4032.12,4034.65,4031.38,4033.31,0.69544509
1785776400,4033.71,4033.71,4027.06,4027.47,0.99167163
1785780000,4027.95,4041.08,4027.95,4039.83,11.29544324
1785783600,4043.96,4050.99,4043.40,4046.82,4.09486444
1785787200,4047.85,4052.94,4045.55,4050.29,2.04802567
1785790800,4050.62,4050.62,4047.43,4047.57,1.40904950
1785794400,4050.02,4050.02,4045.52,4047.01,0.73868825
1785798000,4048.08,4048.48,4044.90,4047.13,3.25641545
1785801600,4047.25,4061.75,4044.34,4044.34,8.19250555
1785805200,4043.90,4054.46,4039.18,4054.46,2.11935495
1785808800,4053.37,4055.70,4050.29,4054.35,2.02820204
1785812400,4053.32,4053.82,4047.48,4047.96,0.16667076
1785816000,4047.95,4058.40,4045.52,4057.69,3.01233078
1785819600,4057.87,4057.87,4051.19,4053.68,10.54315297
1785823200,4055.20,4056.78,4050.76,4054.03,0.86128933
1785826800,4058.13,4058.13,4054.69,4056.59,0.44486654
1785830400,4057.83,4063.00,4048.52,4048.53,0.30795671
1785834000,4048.41,4048.41,4043.27,4044.20,25.46559037
1785837600,4042.77,4052.00,4041.99,4048.88,0.78317020
1785841200,4049.17,4070.30,4047.46,4065.40,7.32893931
1785844800,4061.16,4074.00,4054.91,4063.41,0.81266242
1785848400,4061.76,4082.80,4057.14,4076.57,3.47117723
1785852000,4076.58,4084.12,4067.97,4076.80,17.90528617
1785855600,4076.20,4080.24,4067.58,4080.24,7.46560092
1785859200,4078.95,4084.52,4076.06,4084.52,1.43394249
1785862800,4084.55,4096.85,4078.92,4079.66,34.15469545
1785866400,4078.00,4082.50,4071.34,4073.54,8.05163060
1785870000,4069.43,4069.43,4069.43,4069.43,12.25555457
1785873600,4069.35,4069.35,4069.35,4069.35,4.16598057
1785877200,4076.49,4076.49,4076.49,4076.49,2.10533140
1785880800,4075.02,4075.02,4075.02,4075.02,0.40449855
1785884400,4064.27,4064.27,4064.27,4064.27,9.99194493
1785888000,4074.24,4074.24,4074.24,4074.24,1.74845737
1785891600,4091.92,4091.92,4091.92,4091.92,1.22184227
1785895200,4121.55,4121.55,4121.55,4121.55,23.83894045
1785898800,4117.56,4117.56,4117.56,4117.56,11.42812604
1785902400,4124.21,4124.21,4124.21,4124.21,5.64352197
1785906000,4150.81,4150.81,4150.81,4150.81,17.01369311
1785909600,4166.26,4166.26,4166.26,4166.26,49.63118330
1785913200,4157.14,4157.14,4157.14,4157.14,32.39322745
1785916800,4150.08,4150.08,4150.08,4150.08,3.33674989
1785920400,4148.30,4148.30,4148.30,4148.30,8.08933167
1785924000,4151.67,4151.67,4151.67,4151.67,2.64194271
1785927600,4179.99,4179.99,4179.99,4179.99,12.34506259
1785931200,4178.69,4178.69,4178.69,4178.69,50.44666836
1785934800,4194.60,4194.60,4194.60,4194.60,32.06603705
1785938400,4235.08,4235.08,4235.08,4235.08,87.90315305
1785942000,4224.62,4224.62,4224.62,4224.62,67.38535631
1785945600,4233.08,4233.08,4233.08,4233.08,12.17041775
1785949200,4241.13,4241.13,4241.13,4241.13,104.07046868
1785952800,4252.55,4252.55,4252.55,4252.55,14.58828337
1785956400,4237.49,4237.49,4237.49,4237.49,10.36397308
1785960000,4238.26,4238.26,4238.26,4238.26,15.51634798
1785963600,4239.74,4239.74,4239.74,4239.74,16.41773726
1785967200,4240.23,4240.23,4240.23,4240.23,28.65488373
1785970800,4266.25,4266.25,4266.25,4266.25,37.41283259
1785974400,4288.67,4288.67,4288.67,4288.67,41.43406802
1785978000,4279.69,4279.69,4279.69,4279.69,7.98092707
1785981600,4268.95,4268.95,4268.95,4268.95,45.56108594
1785985200,4257.78,4257.78,4257.78,4257.78,3.76833383
1785988800,4254.38,4254.38,4254.38,4254.38,17.29997705
1785992400,4258.81,4258.81,4258.81,4258.81,11.02015636
1785996000,4247.14,4247.14,4247.14,4247.14,1.03478286
1785999600,4253.95,4253.95,4253.95,4253.95,7.44972390
1786003200,4270.56,4270.56,4270.56,4270.56,2.00448866
1786006800,4265.51,4265.51,4265.51,4265.51,29.40247468
1786010400,4263.58,4263.58,4263.58,4263.58,33.63128580
1786014000,4256.39,4256.39,4256.39,4256.39,34.24568404
1786017600,4244.00,4244.00,4244.00,4244.00,18.00766023
1786021200,4260.82,4260.82,4260.82,4260.82,44.53274012
1786024800,4262.11,4262.11,4262.11,4262.11,4.07908547
1786028400,4229.20,4229.20,4229.20,4229.20,8.56827437
1786032000,4236.22,4236.22,4236.22,4236.22,28.91677848
1786035600,4240.73,4240.73,4240.73,4240.73,1.66672148
1786039200,4235.77,4235.77,4235.77,4235.77,3.65148704
1786042800,4239.05,4239.05,4239.05,4239.05,5.62030024
1786046400,4233.85,4233.85,4233.85,4233.85,1.41510127
1786050000,4233.89,4233.89,4233.89,4233.89,30.65336270
1786053600,4232.49,4232.49,4232.49,4232.49,29.78954362
1786057200,4244.08,4244.08,4244.08,4244.08,32.57730641
1786060800,4226.78,4226.78,4226.78,4226.78,4.59728313
1786064400,4228.20,4250.13,4228.20,4248.18,56.87077474
1786068000,4247.98,4254.14,4240.00,4245.90,4.37425751
1786071600,4248.85,4257.02,4245.38,4256.82,14.67329339
1786075200,4256.36,4260.45,4253.87,4256.63,11.60785233
1786078800,4256.63,4271.36,4254.70,4270.81,12.90860485
1786082400,4271.43,4287.95,4270.64,4287.95,2.79349424
1786086000,4287.09,4287.09,4277.91,4283.15,3.63425890
1786089600,4284.06,4308.28,4283.81,4298.11,8.40250657
1786093200,4297.63,4311.37,4295.29,4308.54,47.38580819
1786096800,4308.65,4311.02,4302.38,4308.85,10.17990305
1786100400,4310.88,4318.99,4310.30,4314.54,13.09260907
1786104000,4312.26,4360.82,4288.27,4346.15,54.61810545
1786107600,4346.89,4355.39,4329.86,4336.14,148.63679010
1786111200,4337.18,4341.50,4321.67,4332.89,26.91136882
1786114800,4331.78,4348.48,4329.17,4332.44,139.20096434
1786118400,4330.98,4338.24,4320.59,4320.90,5.62906993
1786122000,4320.81,4332.00,4319.75,4332.00,3.54812581
1786125600,4330.76,4332.00,4323.81,4325.47,3.02960510
1786129200,4330.13,4340.22,4330.13,4334.53,6.14810755
1786132800,4335.51,4336.18,4329.01,4332.98,18.15330374
1786136400,4333.50,4343.26,4333.27,4335.75,4.34241374
1786140000,4336.94,4342.17,4335.97,4342.08,1.29292928
1786143600,4341.93,4345.45,4337.46,4343.25,11.60053687
1786147200,4342.04,4353.44,4342.02,4344.43,134.38161922
1786150800,4344.13,4349.54,4336.06,4338.44,39.13040809
1786154400,4339.93,4339.93,4335.62,4338.11,8.62059086
1786158000,4337.65,4343.76,4336.12,4339.59,11.25244949
1786161600,4339.55,4339.77,4331.54,4332.66,14.22199549
1786165200,4332.17,4340.19,4332.17,4335.66,9.93243866
1786168800,4337.12,4340.51,4335.94,4337.64,11.74085872
1786172400,4338.01,4344.17,4337.18,4338.24,35.41132096
1786176000,4338.99,4344.18,4338.07,4341.66,9.73136011
1786179600,4340.85,4347.67,4340.26,4347.67,8.44958106
1786183200,4342.62,4342.81,4337.00,4338.50,8.26795158
1786186800,4338.66,4341.07,4337.67,4340.12,5.75308397
1786190400,4340.12,4341.60,4338.56,4340.94,2.18985442
1786194000,4341.28,4344.92,4340.23,4341.62,5.69289453
1786197600,4341.48,4343.57,4340.74,4343.57,4.30772837
1786201200,4342.05,4344.72,4340.10,4344.09,1.22851287
1786204800,4343.44,4343.89,4339.00,4339.22,5.50853887
1786208400,4339.93,4345.95,4339.22,4340.95,8.64395499
1786212000,4340.84,4344.58,4340.63,4344.58,15.69078693
1786215600,4342.04,4345.03,4340.74,4341.00,4.50418055
1786219200,4341.32,4345.02,4340.42,4341.89,8.27811871
1786222800,4341.68,4342.60,4341.38,4341.99,2.02508327
1786226400,4341.95,4342.27,4341.22,4341.37,0.50663999
1786230000,4341.43,4349.33,4341.31,4345.98,10.70265022
1786233600,4345.47,4350.71,4343.51,4344.49,46.37775236
1786237200,4343.57,4344.71,4341.45,4343.30,9.38081899
1786240800,4343.27,4346.16,4342.53,4345.17,2.24073032
1786244400,4345.57,4345.70,4344.40,4344.41,2.30184807
1786248000,4344.40,4346.69,4341.93,4342.97,3.81228384
1786251600,4344.08,4350.19,4344.08,4346.12,6.90287348
1786255200,4345.58,4346.50,4344.52,4345.36,7.15361816
1786258800,4345.06,4353.40,4343.71,4353.40,1.26566030
1786262400,4353.22,4357.46,4346.30,4349.90,24.03197123
1786266000,4349.77,4349.79,4343.73,4343.73,60.75023834
1786269600,4346.50,4346.50,4342.88,4345.79,0.85454385
1786273200,4345.81,4350.24,4345.81,4347.10,6.45271339
1786276800,4347.89,4350.55,4346.85,4349.81,0.66093465
1786280400,4350.49,4355.92,4348.85,4351.99,20.82841304
1786284000,4351.78,4352.63,4350.88,4352.30,2.29563309
1786287600,4352.32,4352.98,4351.08,4352.91,1.20774938
1786291200,4354.72,4354.82,4352.00,4352.64,2.88664547
1786294800,4353.11,4353.11,4350.36,4351.77,16.65462332
1786298400,4350.82,4351.17,4349.37,4350.00,2.09053345
1786302000,4349.99,4357.38,4349.99,4353.42,6.04135226
1786305600,4354.37,4358.00,4352.54,4356.71,12.96374071
1786309200,4356.24,4356.56,4345.41,4346.88,0.91331696
1786312800,4343.60,4343.60,4331.90,4336.48,7.34390313
1786316400,4336.43,4351.25,4328.07,4329.13,42.89223108
1786320000,4328.17,4341.20,4328.00,4328.00,12.03523648
1786323600,4324.41,4331.84,4308.00,4314.98,8.32260624
1786327200,4315.84,4324.64,4311.68,4311.68,1.59577386
1786330800,4311.79,4320.11,4311.31,4320.11,3.69017159
1786334400,4320.05,4330.59,4317.35,4330.59,1.33550019
1786338000,4330.09,4341.48,4325.83,4341.13,9.59234851
1786341600,4339.21,4350.89,4335.60,4350.89,20.75969675
1786345200,4349.97,4352.82,4345.01,4348.76,13.74188431
1786348800,4347.82,4348.23,4337.51,4339.25,3.79247506
1786352400,4339.47,4340.77,4333.63,4333.63,1.46519883
1786356000,4333.53,4335.49,4329.96,4330.53,2.55901467
1786359600,4329.13,4331.59,4322.43,4327.40,15.97387477
1786363200,4327.14,4328.94,4318.01,4326.34,2.72720883
1786366800,4325.25,4330.91,4313.78,4313.78,10.38277365
1786370400,4312.61,4341.63,4312.49,4335.80,5.60280819
1786374000,4337.19,4350.96,4335.78,4349.44,10.24714290
1786377600,4349.48,4361.39,4341.98,4343.08,82.52864087
1786381200,4347.17,4353.99,4343.53,4349.83,6.40957804
1786384800,4352.35,4374.78,4352.00,4374.78,33.01316065
1786388400,4372.04,4384.54,4371.97,4378.64,17.34463801
1786392000,4378.67,4384.03,4376.14,4381.17,11.69807367
1786395600,4382.22,4402.18,4381.49,4384.75,75.14860825
1786399200,4384.75,4392.60,4382.53,4390.21,61.18779434
1786402800,4391.62,4392.35,4385.50,4390.31,4.79950297
1786406400,4393.58,4419.99,4390.60,4404.15,132.17898312
1786410000,4404.15,4425.16,4388.34,4425.09,16.66101960
1786413600,4420.13,4425.38,4402.61,4403.86,30.48427712
1786417200,4404.84,4415.20,4404.58,4410.87,6.15813140
1786420800,4412.77,4414.85,4399.99,4400.98,87.74018149
1786424400,4403.96,4403.96,4365.27,4370.51,110.52137053
1786428000,4372.36,4382.56,4358.00,4363.63,66.35058875
1786431600,4363.63,4364.25,4355.12,4355.12,10.57696184
1786435200,4355.46,4376.45,4355.46,4368.97,9.17642595
1786438800,4369.25,4376.73,4369.09,4370.55,36.04892886
1786442400,4372.61,4387.70,4370.80,4377.29,64.93357554
1786446000,4379.41,4389.69,4379.25,4385.77,18.31135826
1786449600,4383.76,4394.37,4378.99,4388.08,5.91746262
1786453200,4391.69,4397.34,4384.20,4385.62,4.94411195
1786456800,4382.18,4392.77,4377.14,4388.66,29.66490138
1786460400,4389.70,4394.25,4367.40,4377.50,19.27337475
1786464000,4379.94,4379.94,4374.64,4378.59,4.11929586
1786467600,4378.12,4378.76,4365.10,4365.10,10.80971098
1786471200,4363.88,4370.65,4356.72,4367.31,61.13587656
1786474800,4365.93,4369.70,4358.84,4367.50,12.57347609
1786478400,4366.37,4369.45,4363.01,4365.05,10.18150521
1786482000,4366.59,4372.42,4364.90,4372.42,0.85309913
1786485600,4372.42,4373.45,4369.02,4369.02,3.53414012
1786489200,4365.11,4368.39,4360.91,4367.02,1.93527000
1786492800,4365.52,4385.78,4362.12,4379.80,203.10497140
1786496400,4380.26,4397.81,4378.52,4395.00,58.95831765
1786500000,4395.00,4412.03,4392.38,4406.83,14.22833098
1786503600,4407.08,4413.74,4397.08,4397.66,27.00695154
1786507200,4398.04,4400.03,4392.17,4396.56,30.12579991
1786510800,4397.24,4401.55,4382.24,4388.36,19.86869726
1786514400,4388.75,4403.17,4382.74,4400.36,27.67224608
1786518000,4400.00,4409.29,4396.77,4404.38,33.84424075
1786521600,4402.81,4410.40,4397.85,4397.92,35.61106184
1786525200,4397.63,4416.52,4397.53,4410.85,14.90648263
1786528800,4411.31,4416.34,4404.82,4407.68,8.37059340
1786532400,4409.39,4414.28,4404.57,4409.58,9.26503575
1786536000,4409.39,4431.30,4382.73,4427.41,111.09409439
1786539600,4429.34,4431.11,4402.29,4420.18,22.47823673
1786543200,4418.57,4427.62,4410.18,4411.95,8.85496488
1786546800,4412.95,4420.79,4405.95,4406.23,3.54602531
1786550400,4411.25,4416.15,4391.31,4391.31,4.04097150
1786554000,4394.13,4399.74,4392.70,4392.73,3.54472947
1786557600,4391.30,4405.15,4387.74,4404.17,0.29601600
1786561200,4406.59,4408.06,4400.29,4406.00,60.58758360
1786564800,4407.41,4407.41,4397.89,4399.26,94.14559687
1786568400,4400.99,4401.82,4396.45,4398.35,2.45422184
1786572000,4400.62,4400.63,4390.35,4393.58,3.93976007
1786575600,4393.94,4402.93,4393.60,4402.42,0.26029146
1786579200,4405.13,4439.02,4404.48,4420.60,68.14620408
1786582800,4418.14,4424.40,4399.77,4399.77,2.96679363
1786586400,4399.21,4403.83,4393.39,4397.37,3.50112005
1786590000,4399.24,4400.84,4391.57,4391.57,0.13668306
1786593600,4391.30,4391.30,4384.81,4389.19,2.45311931
1786597200,4387.47,4399.34,4376.47,4378.97,35.42097013
1786600800,4377.27,4377.27,4365.00,4371.00,28.03287529
1786604400,4373.61,4374.14,4365.60,4365.60,3.90581421
1786608000,4365.61,4373.00,4357.07,4370.83,34.94017672
1786611600,4371.05,4378.24,4371.05,4378.24,3.25769743
1786615200,4379.69,4388.12,4377.58,4387.45,1.44191264
1786618800,4387.55,4388.61,4377.81,4381.07,9.29805777
1786622400,4381.29,4395.56,4379.29,4393.31,7.03479751
1786626000,4392.80,4392.80,4368.03,4369.05,18.48323967
1786629600,4369.78,4381.27,4356.00,4380.74,22.39183603
1786633200,4379.25,4379.25,4358.04,4360.99,6.80562078
1786636800,4361.00,4364.32,4343.59,4363.08,29.46587494
1786640400,4362.46,4367.11,4353.72,4353.72,4.01577655
1786644000,4354.13,4358.93,4352.00,4352.31,5.61252629
1786647600,4353.40,4353.48,4342.05,4342.68,3.22668520
1786651200,4345.12,4346.56,4341.68,4346.56,3.95603657
1786654800,4347.00,4350.94,4346.98,4348.57,1.05321695
1786658400,4348.96,4356.01,4347.78,4350.76,0.94230091
1786662000,4350.09,4357.40,4347.12,4353.87,1.14811565
1786665600,4350.16,4360.55,4332.00,4341.71,492.10898877
1786669200,4340.99,4341.50,4316.06,4320.32,106.87776362
1786672800,4320.32,4323.18,4314.06,4316.30,18.93764028
1786676400,4316.50,4330.34,4316.50,4327.35,29.80852498
1786680000,4326.84,4331.60,4325.45,4328.64,64.94968822
1786683600,4328.74,4339.29,4318.22,4336.16,66.32139627
1786687200,4336.47,4339.19,4332.14,4338.89,61.40167846
1786690800,4339.86,4348.10,4334.00,4347.09,57.18593978
1786694400,4348.30,4353.09,4344.89,4350.11,49.53539202
1786698000,4350.06,4357.01,4342.18,4355.94,52.13870276
1786701600,4357.77,4357.77,4348.16,4348.71,12.78487976
1786705200,4347.00,4363.88,4346.52,4363.88,19.35386292
1786708800,4363.88,4378.26,4363.88,4369.69,22.88177185
1786712400,4368.64,4389.67,4365.00,4378.17,48.61317564
1786716000,4378.17,4387.02,4372.27,4374.40,15.00022373
1786719600,4374.27,4385.88,4373.15,4383.83,5.06606043
1786723200,4386.03,4386.03,4377.74,4378.48,12.85756620
1786726800,4378.49,4378.49,4368.50,4370.71,4.56047077
1786730400,4370.70,4374.75,4365.00,4367.82,7.78149947
1786734000,4367.43,4372.31,4363.33,4368.74,34.30384331
1786737600,4368.75,4368.75,4365.17,4368.54,0.24760170
1786741200,4370.16,4375.59,4370.16,4374.00,13.48952205
1786744800,4374.20,4375.30,4370.43,4371.34,0.90225621
1786748400,4373.04,4374.88,4371.22,4374.35,0.93567363
1786752000,4377.14,4379.33,4374.11,4374.36,19.57431926
1786755600,4374.12,4375.72,4371.20,4371.97,5.14045960
1786759200,4372.81,4373.97,4370.75,4373.02,1.39158051
1786762800,4373.52,4376.58,4372.29,4375.41,2.87225609
1786766400,4375.88,4376.08,4375.40,4375.91,1.72535544
1786770000,4375.91,4376.01,4373.52,4373.52,6.08067824
1786773600,4374.22,4374.22,4372.21,4372.36,1.10347134
1786777200,4372.14,4375.47,4372.13,4374.93,8.95885548
1786780800,4375.50,4375.52,4371.56,4373.67,1.85386263
1786784400,4373.70,4374.87,4373.07,4374.02,2.62716334
1786788000,4374.02,4374.44,4372.95,4373.52,10.41462939
1786791600,4373.76,4373.76,4371.57,4372.30,0.37651594
1786795200,4372.25,4373.43,4367.89,4372.77,18.03290283
1786798800,4373.11,4375.14,4371.94,4373.16,0.15423784
1786802400,4373.67,4373.73,4372.15,4372.88,1.00620896
1786806000,4372.88,4373.49,4371.35,4372.32,2.49267921
1786809600,4372.11,4373.53,4371.65,4372.11,5.13778638
1786813200,4372.68,4373.53,4372.09,4372.54,2.72881513
1786816800,4373.33,4374.49,4373.33,4374.31,5.54178849
1786820400,4374.29,4374.80,4370.99,4373.99,12.60387872
1786824000,4374.59,4374.60,4372.84,4374.01,0.32352716
1786827600,4373.80,4375.24,4367.77,4374.40,24.66134913
1786831200,4374.61,4374.61,4370.91,4373.86,41.71409424
1786834800,4373.65,4374.63,4373.65,4374.63,2.87629745
1786838400,4374.67,4374.68,4371.72,4373.83,8.66130119
1786842000,4374.33,4374.68,4373.58,4373.95,0.85776702
1786845600,4374.12,4374.19,4373.22,4373.45,0.27669287
1786849200,4373.77,4374.67,4373.47,4374.07,1.24317755
1786852800,4374.25,4374.35,4373.56,4373.95,1.07951350
1786856400,4373.21,4378.02,4373.21,4377.42,8.61196450
1786860000,4377.41,4378.24,4376.53,4376.53,1.19427618
1786863600,4376.53,4376.53,4373.99,4375.21,0.54475267
1786867200,4374.25,4375.29,4373.67,4374.58,1.32644786
1786870800,4374.50,4375.70,4373.26,4374.93,6.93603335
1786874400,4374.96,4375.07,4371.75,4373.34,7.81598645
1786878000,4373.25,4374.55,4372.23,4372.63,1.33897539
1786881600,4372.96,4372.96,4371.20,4371.20,0.31756036
1786885200,4371.25,4372.87,4370.79,4372.84,0.44228940
1786888800,4372.13,4372.38,4369.83,4370.89,5.85254097
1786892400,4370.96,4372.11,4370.41,4372.11,1.34707460
1786896000,4372.30,4374.94,4370.06,4374.85,19.59616308
1786899600,4374.83,4376.00,4374.52,4374.96,0.43380293
1786903200,4374.84,4375.24,4372.30,4372.33,1.40234793
1786906800,4372.60,4373.40,4370.96,4373.40,1.03708156
1786910400,4373.13,4373.13,4368.81,4370.37,1.13725452
1786914000,4371.05,4371.78,4367.47,4371.78,10.55467948
1786917600,4371.56,4376.00,4365.87,4376.00,1.39345744
1786921200,4377.12,4377.12,4362.23,4363.49,5.90953132
1786924800,4364.18,4392.00,4360.08,4392.00,3.56534588
1786928400,4393.00,4405.06,4387.34,4387.58,15.95095120
