time,open,high,low,close,volume
1784340000,63917.8,63972.0,63890.0,63914.1,11.78626818
1784343600,63914.2,63973.8,63900.0,63972.6,22.16431533
1784347200,63972.7,63980.9,63900.0,63923.0,7.38152780
1784350800,63923.1,63955.1,63900.0,63913.7,14.21901672
1784354400,63913.8,63978.5,63909.1,63925.0,20.44862135
1784358000,63925.0,63980.7,63924.9,63975.7,13.54362261
1784361600,63975.7,63980.8,63934.3,63953.3,8.19610995
1784365200,63953.4,63956.4,63900.2,63945.0,10.14614376
1784368800,63945.1,63967.3,63944.2,63964.8,8.99268327
1784372400,63964.7,64038.3,63964.6,64018.9,5.92668922
1784376000,64018.9,64200.0,64018.9,64167.0,65.16172927
1784379600,64167.0,64167.0,63932.7,64058.2,32.64689344
1784383200,64058.2,64151.4,64058.2,64084.5,21.69465616
1784386800,64084.5,64114.7,64002.8,64072.9,18.68391561
1784390400,64073.0,64263.7,64043.3,64244.7,36.94750034
1784394000,64244.7,64447.5,64244.0,64447.5,72.60073248
1784397600,64447.5,64600.0,64424.3,64474.7,80.02657106
1784401200,64474.7,64554.8,64436.2,64528.2,25.80015570
1784404800,64528.2,64693.7,64474.4,64658.0,69.10358005
1784408400,64656.8,64800.0,64578.0,64690.6,40.07023273
1784412000,64689.5,64806.8,64666.5,64778.9,17.55763997
1784415600,64778.9,64796.7,64663.8,64796.7,18.98032444
1784419200,64796.7,64844.0,64702.4,64729.2,37.55499241
1784422800,64729.3,64748.1,64709.3,64730.9,44.55911510
1784426400,64730.1,64928.0,64647.1,64783.7,14.10081928
1784430000,64781.3,64781.3,64596.7,64657.5,58.14332187
1784433600,64657.6,64762.1,64584.3,64676.0,18.77898496
1784437200,64676.0,64760.9,64636.2,64693.2,28.48266507
1784440800,64693.2,64705.4,64655.9,64667.6,14.26906891
1784444400,64667.6,64732.5,64641.6,64655.3,9.91450008
1784448000,64658.9,64690.1,64586.2,64653.9,19.56308306
1784451600,64653.9,64674.5,64450.0,64465.1,51.66277516
1784455200,64465.1,64646.7,64450.0,64541.2,20.17348130
1784458800,64541.3,64585.3,64379.5,64418.7,23.77204803
1784462400,64418.8,64419.4,64257.7,64386.5,37.47702114
1784466000,64386.5,64471.2,64256.0,64433.1,30.10596625
1784469600,64433.2,64600.0,64383.3,64549.6,23.45109289
1784473200,64547.4,64576.0,64456.7,64529.6,15.03423759
1784476800,64529.7,64585.2,64474.1,64496.1,15.07688733
1784480400,64496.1,64696.7,64375.7,64508.2,39.02817447
1784484000,64508.2,64508.2,64272.6,64371.3,16.10646242
1784487600,64371.4,64422.4,64323.3,64398.7,10.45181230
1784491200,64398.8,64495.0,64398.7,64486.6,17.19616490
1784494800,64486.6,64500.0,64312.5,64359.8,11.86604970
1784498400,64359.9,64845.6,64308.2,64621.0,60.91720427
1784502000,64621.0,64713.5,64532.5,64678.1,12.44084651
1784505600,64678.1,65045.2,64388.4,64510.9,150.15832266
1784509200,64511.0,64962.6,64463.3,64588.8,71.11535389
1784512800,64588.8,64923.5,64546.8,64796.7,19.89281593
1784516400,64796.8,64853.6,64596.8,64799.9,28.12763441
1784520000,64799.9,64816.6,64478.3,64495.3,30.80356499
1784523600,64495.3,64495.3,64003.6,64084.2,139.19004410
1784527200,64084.3,64163.5,63691.6,63831.7,117.24456661
1784530800,63846.6,64230.9,63832.1,64198.2,63.41772412
1784534400,64198.3,64280.3,63825.0,63991.9,81.25249505
1784538000,63991.9,64210.9,63958.7,64136.8,11.10596922
1784541600,64136.8,64342.0,64100.7,64235.3,35.25749497
1784545200,64235.9,64978.3,64221.5,64935.9,93.21205255
1784548800,64935.9,64946.0,64546.7,64581.8,45.03526027
1784552400,64581.9,64687.3,64150.1,64280.7,82.93308918
1784556000,64280.7,64490.0,64041.6,64354.3,66.94189597
1784559600,64357.4,65600.0,64357.4,65542.5,305.52570466
1784563200,65542.5,65567.2,65297.2,65444.0,170.65095820
1784566800,65444.0,65590.2,65297.2,65539.8,64.62246363
1784570400,65539.8,65757.0,65166.8,65191.7,250.41295679
1784574000,65191.7,65221.5,65000.0,65090.7,76.15264919
1784577600,65090.7,65386.3,65015.0,65325.1,43.86145444
1784581200,65325.2,65392.8,65246.7,65246.8,53.52054321
1784584800,65246.8,65246.8,65050.5,65104.6,60.72934802
1784588400,65104.6,65232.2,65092.9,65215.7,16.28206495
1784592000,65215.7,65546.0,65115.2,65533.1,29.39061326
1784595600,65533.1,65600.0,65204.8,65204.8,28.01722338
1784599200,65204.9,65437.9,65135.5,65367.5,10.06419360
1784602800,65367.5,65532.6,65367.5,65531.9,11.82277061
1784606400,65531.9,65683.7,65448.6,65475.6,24.41676116
1784610000,65475.6,65869.0,65449.7,65707.3,33.88953854
1784613600,65707.3,65936.5,65593.2,65879.0,40.65038669
1784617200,65879.0,66183.5,65840.0,66150.0,133.94037276
1784620800,66150.1,66300.0,66100.0,66180.1,78.90894987
1784624400,66180.2,66301.5,66115.4,66236.5,25.62305301
1784628000,66236.6,66386.3,66150.4,66160.4,45.78413454
1784631600,66160.4,66305.0,66100.3,66297.5,26.98048541
1784635200,66297.5,66592.4,66226.5,66503.0,85.91299659
1784638800,66508.9,66744.0,66291.5,66743.7,101.41371402
1784642400,66743.8,66907.3,66607.2,66808.2,143.90489651
1784646000,66808.3,66808.3,66504.4,66653.3,65.26757901
1784649600,66653.3,66725.8,66455.0,66516.9,56.78994886
1784653200,66516.9,66543.3,66123.0,66153.0,125.10472663
1784656800,66153.0,66320.5,66086.6,66259.3,87.37298244
1784660400,66259.3,66471.6,66233.0,66412.9,44.99524454
1784664000,66413.0,66464.8,66328.7,66372.5,82.39979470
1784667600,66372.6,66373.1,66248.9,66338.8,37.47507162
1784671200,66338.9,66348.4,66175.8,66275.3,17.77650189
1784674800,66275.3,66520.4,66196.9,66511.7,76.85485345
1784678400,66511.7,66698.4,66496.1,66590.7,33.86709005
1784682000,66590.6,66612.6,66261.7,66366.2,33.86736446
1784685600,66377.9,66475.8,66256.9,66268.5,18.27569601
1784689200,66268.5,66320.0,66132.7,66164.8,51.42298436
1784692800,66162.4,66375.8,66148.5,66333.3,23.31430217
1784696400,66333.3,66333.3,65904.8,65924.8,69.47035623
1784700000,65938.5,65976.7,65789.1,65893.5,81.80745952
1784703600,65893.5,65930.6,65675.8,65800.1,41.09004551
1784707200,65800.1,66100.0,65800.1,65944.3,26.28236777
1784710800,65944.3,66030.8,65801.7,65880.4,50.37994127
1784714400,65880.4,66057.7,65854.9,66005.1,14.74343270
1784718000,66005.2,66045.6,65863.0,65969.0,18.88384319
1784721600,65969.1,65975.3,65504.5,65592.6,67.45690181
1784725200,65592.6,65930.9,65514.8,65919.4,124.49996273
1784728800,65919.5,66159.3,65555.0,65757.0,84.67499857
1784732400,65757.0,66079.0,65756.9,66014.0,59.02900714
1784736000,66014.1,66351.2,65905.0,66209.4,67.87797052
1784739600,66210.4,66255.9,65905.7,66000.4,64.83660054
1784743200,65994.3,66044.7,65705.4,65867.2,89.13949223
1784746800,65867.2,65925.8,65675.9,65900.6,49.91871585
1784750400,65888.2,65950.0,65775.8,65882.0,73.46520490
1784754000,65882.0,66099.9,65868.5,66036.0,25.34096728
1784757600,66036.0,66048.9,65907.7,66007.2,17.75763104
1784761200,66007.3,66090.0,65825.8,66072.5,23.83955281
1784764800,66072.4,66275.8,66025.8,66027.5,34.29024947
1784768400,66027.5,66170.4,65712.8,65797.9,31.74611322
1784772000,65796.8,65809.3,65625.9,65776.2,34.96164673
1784775600,65774.0,65774.6,65546.3,65621.1,46.23631369
1784779200,65621.2,65702.8,65551.6,65561.0,45.32345590
1784782800,65561.0,65765.1,65550.0,65657.3,52.92345782
1784786400,65657.4,65771.5,65600.0,65754.6,12.82862752
1784790000,65754.6,65754.6,65287.2,65404.8,94.35448141
1784793600,65404.9,65625.4,65374.7,65613.3,16.35851202
1784797200,65605.7,65709.0,65567.6,65599.9,16.31841158
1784800800,65599.9,65749.9,65559.2,65693.0,18.29289022
1784804400,65693.1,65705.7,65508.7,65522.0,29.77189656
1784808000,65522.0,65557.3,64938.4,65125.7,175.45060565
1784811600,65125.8,65187.9,64827.9,64834.3,177.72318696
1784815200,64834.3,65172.8,64773.0,64862.2,85.61615132
1784818800,64862.2,64976.8,64682.6,64907.8,82.23878924
1784822400,64907.8,64907.8,64663.4,64720.0,61.22678504
1784826000,64701.8,64824.9,64603.4,64620.2,61.87926644
1784829600,64620.2,64890.5,64613.9,64809.0,64.73876403
1784833200,64809.1,64874.9,64650.1,64810.0,61.12484705
1784836800,64801.7,65143.3,64790.0,65092.6,82.96911673
1784840400,65092.6,65157.8,64970.0,65109.8,38.66044588
1784844000,65109.8,65173.3,64970.2,65146.0,67.83070115
1784847600,65146.0,65170.4,65013.8,65050.1,33.90541318
1784851200,65052.4,65054.0,64709.4,64929.0,42.36274797
1784854800,64929.0,65103.1,64899.2,65036.2,27.69993488
1784858400,65031.3,65126.6,64864.9,65068.1,30.86139250
1784862000,65066.2,65410.7,65039.2,65404.0,28.82512261
1784865600,65404.0,65409.3,65218.1,65261.3,42.09962821
1784869200,65261.4,65333.7,65215.0,65250.5,15.39461733
1784872800,65256.1,65455.6,65229.3,65426.4,37.13854193
1784876400,65426.3,65766.9,65330.1,65453.5,85.02836736
1784880000,65453.5,65453.5,65275.9,65275.9,13.78440918
1784883600,65275.9,65275.9,64916.8,65061.6,40.65039799
1784887200,65061.7,65094.0,64865.4,64901.1,12.93363978
1784890800,64904.5,65044.2,64807.4,65021.9,26.03444316
1784894400,65021.9,65072.6,64720.1,64720.5,51.75469143
1784898000,64720.5,64720.5,63874.5,64082.2,237.14221449
1784901600,64084.3,64136.9,63657.0,63988.2,207.30558878
1784905200,63988.3,64249.5,63788.2,64026.3,134.05467133
1784908800,64026.4,64136.7,63818.4,63903.6,93.19150691
1784912400,63903.6,64144.5,63852.5,64127.8,99.27421008
1784916000,64127.9,64226.3,64075.4,64220.1,30.56276058
1784919600,64220.1,64233.9,64084.1,64171.6,38.42390736
1784923200,64163.3,64200.0,64061.9,64109.6,50.98028918
1784926800,64109.6,64156.3,64075.0,64078.0,15.01032978
1784930400,64078.1,64160.0,64075.0,64112.4,18.44420727
1784934000,64112.4,64126.9,64075.0,64087.8,24.78646848
1784937600,64088.2,64111.3,63981.3,64012.4,10.27722608
1784941200,64012.5,64096.4,63942.2,64008.7,10.97226460
1784944800,64006.5,64037.5,63953.5,63969.1,13.14241212
1784948400,63977.2,64041.6,63955.4,64025.8,4.48972514
1784952000,64025.8,64135.3,64025.7,64114.6,7.84574081
1784955600,64118.7,64137.4,63931.3,63967.8,30.58293031
1784959200,63967.8,64005.0,63901.0,63948.0,8.67828376
1784962800,63948.0,63971.8,63941.2,63965.1,3.86870740
1784966400,63965.1,63965.1,63760.0,63800.9,9.79553007
1784970000,63808.2,63965.0,63767.9,63927.3,11.53588212
1784973600,63927.3,64003.1,63927.3,64002.8,3.77971413
1784977200,64002.9,64048.7,63982.2,63991.5,9.46691613
1784980800,63991.5,64055.0,63972.8,64054.9,9.19593858
1784984400,64055.0,64187.8,64052.9,64106.2,14.12730287
1784988000,64106.3,64156.0,64056.9,64156.0,11.77271008
1784991600,64156.0,64200.0,64118.0,64127.1,22.97520681
1784995200,64127.2,64183.5,64064.4,64150.0,23.62996171
1784998800,64150.0,64286.0,64130.6,64191.5,34.49972148
1785002400,64191.6,64375.1,64191.6,64350.8,28.78811257
1785006000,64352.8,64379.7,64327.3,64328.5,16.40852499
1785009600,64328.6,64339.8,64247.7,64270.3,17.28909531
1785013200,64270.4,64361.7,64209.3,64286.2,13.63338895
1785016800,64286.2,64368.0,64286.1,64355.5,8.48180395
1785020400,64355.6,64368.0,64296.5,64312.9,8.51319051
1785024000,64312.9,64446.0,64280.7,64434.9,12.70796872
1785027600,64435.0,64461.0,64395.9,64396.0,7.01359460
1785031200,64396.1,64457.6,64368.8,64450.0,15.46256221
1785034800,64450.0,64500.0,64420.3,64481.8,23.74790950
1785038400,64481.9,64525.4,64440.5,64477.8,11.84257739
1785042000,64468.0,64468.0,64345.3,64358.6,30.14425359
1785045600,64358.6,64396.8,64230.9,64380.8,24.63917791
1785049200,64380.8,64400.0,64290.7,64310.2,10.12437459
1785052800,64310.2,64433.2,64269.0,64419.3,32.15205629
1785056400,64419.4,64496.9,64419.3,64483.0,6.37872761
1785060000,64483.1,64499.0,64434.1,64461.9,10.28521762
1785063600,64462.0,64462.0,64451.0,64451.2,2.54940267
1785067200,64451.2,64595.9,64400.0,64424.8,22.22455279
1785070800,64424.8,64500.0,64378.0,64458.4,35.37739152
1785074400,64458.4,64699.0,64458.3,64658.8,32.91734650
1785078000,64657.2,64750.0,64615.7,64718.6,30.79261732
1785081600,64718.6,64861.3,64646.3,64672.5,15.31942667
1785085200,64672.9,64739.7,64616.0,64620.0,52.88676529
1785088800,64620.0,64702.4,64613.3,64691.1,9.06544102
1785092400,64691.1,64697.0,64626.0,64640.6,6.61961617
1785096000,64640.6,64640.6,64581.8,64595.0,10.26969783
1785099600,64595.2,64849.9,64595.1,64784.7,21.35088531
1785103200,64784.7,65432.7,64784.7,65346.7,139.33262717
1785106800,65349.7,65500.0,65223.2,65336.6,51.11692647
1785110400,65336.6,65368.8,65004.6,65057.3,44.24711933
1785114000,65068.9,65150.0,64853.6,65139.9,51.55079830
1785117600,65139.9,65212.0,65055.2,65117.5,17.27991165
1785121200,65116.8,65295.6,65106.2,65221.7,15.15190231
1785124800,65221.7,65420.0,65187.2,65240.2,22.40378658
1785128400,65240.2,65424.2,65230.1,65406.9,9.08652178
1785132000,65406.9,65682.6,65358.7,65369.5,29.83804584
1785135600,65369.0,65391.0,65149.9,65164.1,43.81144874
1785139200,65164.1,65202.9,65075.0,65102.7,35.08631336
1785142800,65101.4,65285.1,65051.0,65207.0,23.98348969
1785146400,65205.1,65357.0,65174.0,65278.2,18.53036519
1785150000,65278.2,65278.2,65048.5,65054.7,7.92556848
1785153600,65048.6,65199.9,64800.0,65010.0,42.18128828
1785157200,65013.5,65629.3,64850.1,65157.2,104.83887719
1785160800,65148.5,65362.2,64403.8,64615.4,261.46863232
1785164400,64615.4,64698.3,64252.9,64482.4,334.93709225
1785168000,64482.4,64889.3,64450.0,64831.3,88.74580020
1785171600,64831.4,65009.4,64729.1,64953.6,31.65534561
1785175200,64953.6,64994.0,64686.9,64799.3,89.64971124
1785178800,64799.3,65000.0,64745.1,64902.9,33.52506960
1785182400,64909.3,64986.9,64838.8,64898.3,42.26371688
1785186000,64898.3,64898.3,64745.0,64746.7,13.85766994
1785189600,64746.7,64746.7,63750.0,63750.0,222.66981681
1785193200,63750.1,63882.4,63550.0,63697.1,108.29552440
1785196800,63697.1,63762.6,63417.4,63418.8,81.29614345
1785200400,63418.8,63470.8,63008.0,63164.5,116.99576202
1785204000,63166.6,63237.0,63055.7,63117.6,47.69113703
1785207600,63117.6,63309.4,63102.4,63274.6,28.98063563
1785211200,63281.1,63296.7,63156.6,63272.4,27.79925162
1785214800,63286.5,63542.5,63270.0,63400.1,46.12943612
1785218400,63400.1,63567.0,63330.3,63566.9,33.61998267
1785222000,63566.8,63578.5,63382.5,63434.9,22.30407429
1785225600,63435.0,63463.2,63333.0,63354.0,19.05791954
1785229200,63354.1,63500.8,63300.1,63328.2,13.38670886
1785232800,63328.3,63483.2,63222.1,63402.9,31.65586153
1785236400,63402.9,63529.6,63297.8,63412.2,35.51351925
1785240000,63399.7,63496.5,63318.4,63475.3,24.50093438
1785243600,63475.3,63515.0,62684.4,63033.8,190.88626221
1785247200,63029.4,63460.2,62883.8,63337.3,76.32828170
1785250800,63335.8,63938.9,63184.6,63858.9,121.12126679
1785254400,63858.9,64018.6,63705.3,63969.9,65.92478097
1785258000,63969.9,63969.9,63437.4,63608.7,46.49225381
1785261600,63608.8,63778.2,63603.3,63662.8,27.71057382
1785265200,63660.1,63808.2,63600.0,63801.5,39.83203987
1785268800,63813.3,63929.7,63795.8,63830.6,27.93732484
1785272400,63830.6,63980.0,63810.1,63899.3,20.17591290
1785276000,63892.4,63942.4,63689.8,63707.3,30.50615694
1785279600,63701.2,63871.5,63500.0,63859.6,40.23935917
1785283200,63844.5,64094.8,63787.5,63874.7,44.76510844
1785286800,63871.3,63921.8,63620.4,63627.9,20.86519399
1785290400,63632.6,64024.3,63567.4,63880.1,19.18006769
1785294000,63893.7,63900.6,63635.7,63657.0,10.24363115
1785297600,63662.0,63883.3,63514.2,63883.2,17.00137284
1785301200,63883.3,63995.5,63812.7,63979.6,25.85065330
1785304800,63979.6,64365.2,63943.2,64342.9,49.07675409
1785308400,64342.9,64481.2,64315.8,64481.2,42.72986829
1785312000,64481.2,64490.6,64200.5,64330.9,24.46030356
1785315600,64332.0,64643.8,64303.3,64614.9,37.04015766
1785319200,64614.9,64627.0,64332.9,64393.7,24.52783169
1785322800,64393.7,64514.5,64346.3,64424.9,13.83440115
1785326400,64425.0,64434.1,64157.0,64200.0,53.56006043
1785330000,64200.0,64581.8,64064.9,64581.8,101.73376071
1785333600,64581.8,64631.2,63983.5,64021.4,92.86614658
1785337200,64017.9,64101.0,63800.7,63881.9,56.35798464
1785340800,63881.9,64035.0,63551.7,63725.0,51.69296692
1785344400,63725.0,64178.0,63634.7,64178.0,69.16901530
1785348000,64180.1,64582.2,63700.0,64424.8,162.02361411
1785351600,64429.6,64516.3,63450.0,63514.9,172.48145891
1785355200,63525.4,63650.9,63300.1,63444.2,65.66887617
1785358800,63437.7,63766.8,63208.4,63766.8,60.07270908
1785362400,63768.5,64041.6,63768.5,63859.2,61.84589923
1785366000,63859.2,63988.2,63817.9,63901.0,20.18979515
1785369600,63901.0,64024.9,63536.5,63611.7,72.48158861
1785373200,63611.2,64288.4,63611.2,64172.4,52.81712960
1785376800,64180.5,64314.3,64082.1,64097.6,14.25757211
1785380400,64097.6,64200.0,64052.0,64078.6,23.03700556
1785384000,64078.7,64095.1,63916.9,63935.8,26.04535352
1785387600,63935.9,64069.7,63829.4,63952.8,13.74058925
1785391200,63952.8,63996.3,63873.8,63920.3,8.52868033
1785394800,63920.4,64059.8,63871.8,63906.4,28.85229566
1785398400,63912.1,64252.9,63889.2,64209.1,34.82397543
1785402000,64209.1,64535.5,64184.8,64476.4,63.09314052
1785405600,64476.5,64532.9,64474.0,64486.0,13.66169608
1785409200,64486.0,64779.9,64451.1,64695.4,67.81257121
1785412800,64695.5,64924.3,64695.5,64842.9,62.05063345
1785416400,64842.9,65078.5,64613.1,64972.4,164.52083607
1785420000,64972.4,64972.4,64546.8,64617.8,105.38028267
1785423600,64617.8,64809.7,64533.2,64659.7,37.00119426
1785427200,64659.8,64894.1,64652.9,64758.1,63.51709658
1785430800,64758.2,64915.2,64704.4,64811.0,49.34585524
1785434400,64811.0,64830.0,64616.6,64638.7,31.09561456
1785438000,64638.8,64852.7,64637.7,64742.9,43.33191827
1785441600,64742.9,64875.0,64704.4,64711.8,38.45218247
1785445200,64710.1,64744.7,64646.5,64669.7,29.88185119
1785448800,64669.7,64947.3,64614.9,64787.9,59.65838652
1785452400,64787.9,65000.0,64681.7,64723.0,49.26362743
1785456000,64723.0,64839.9,64625.5,64666.8,29.91282588
1785459600,64666.8,65369.8,64436.0,64502.9,246.75484608
1785463200,64502.9,64524.6,64158.7,64221.5,162.58228576
1785466800,64221.5,64367.1,64121.7,64299.3,60.85831206
1785470400,64299.3,64367.2,64175.0,64235.6,23.53335809
1785474000,64235.6,64347.9,64214.5,64304.8,15.84021146
1785477600,64304.8,64436.9,64149.3,64192.4,11.43907663
1785481200,64171.5,64178.9,63820.8,63890.4,103.93356081
1785484800,63890.4,63907.9,63750.7,63770.0,37.82105455
1785488400,63770.1,63776.0,63600.0,63646.2,67.39337500
1785492000,63646.2,63882.9,63560.0,63851.7,70.01346398
1785495600,63851.7,63940.3,63718.5,63732.6,55.66849488
1785499200,63732.7,63762.0,63548.1,63680.0,74.27682299
1785502800,63680.0,63766.4,63200.0,63204.1,198.05521078
1785506400,63204.1,63243.0,62344.0,62605.7,339.78625489
1785510000,62605.8,62676.1,62400.0,62643.0,217.41281255
1785513600,62643.1,62861.4,62602.7,62803.4,56.32670352
1785517200,62803.4,63225.4,62756.0,63190.1,193.79551153
1785520800,63190.1,63219.0,62892.1,63027.2,56.44495906
1785524400,63027.2,63095.0,62865.1,62895.3,95.22787169
1785528000,62906.5,62969.0,62868.4,62890.9,42.98367574
1785531600,62890.9,62987.6,62780.0,62892.1,31.65566291
1785535200,62892.1,62963.1,62814.2,62887.4,49.35680340
1785538800,62887.4,62960.2,62800.1,62822.0,26.65069614
1785542400,62821.8,62964.0,62821.4,62877.9,16.76904009
1785546000,62877.9,62931.5,62853.6,62899.4,15.34703262
1785549600,62906.0,63042.1,62906.0,63004.5,8.07556342
1785553200,63003.2,63015.7,62915.6,62942.3,13.33737665
1785556800,62942.6,63037.5,62934.0,63037.1,4.25711550
1785560400,63037.1,63075.2,62934.0,62974.4,10.68477070
1785564000,62970.1,63020.6,62931.3,63018.0,13.63357512
1785567600,63018.0,63049.8,62990.0,62990.1,14.68919240
1785571200,62990.1,63091.0,62990.0,63088.4,10.18330205
1785574800,63085.1,63085.1,62990.1,63002.0,13.42903346
1785578400,63002.1,63045.9,62926.3,62998.9,11.95622849
1785582000,62999.6,63022.0,62988.9,63016.2,10.82502965
1785585600,63016.2,63060.0,63016.2,63041.6,19.56290722
1785589200,63041.6,63044.8,62988.7,63008.9,8.66285541
1785592800,63008.9,63057.0,63008.8,63047.1,10.09662502
1785596400,63050.0,63050.0,62956.1,62956.1,32.66827043
1785600000,62956.2,62959.2,62803.6,62857.4,43.21939631
1785603600,62857.4,62937.2,62618.0,62640.2,69.00915907
1785607200,62640.2,62678.1,62200.5,62521.7,98.60253900
1785610800,62521.7,62568.0,62406.3,62477.9,35.45510912
1785614400,62478.0,62617.7,62428.7,62607.8,19.83309144
1785618000,62607.8,62793.6,62607.8,62759.0,18.00803930
1785621600,62758.9,62801.2,62736.1,62775.1,8.47909475
1785625200,62775.1,62788.0,62713.8,62760.0,14.67619329
1785628800,62760.0,62906.7,62740.2,62762.8,119.37645885
1785632400,62762.9,63000.0,62762.9,62920.1,97.86972202
1785636000,62920.1,63500.0,62887.0,63377.8,126.23936221
1785639600,63377.9,63469.1,63308.0,63392.7,19.27981954
1785643200,63392.7,63541.0,63392.7,63514.8,33.72888545
1785646800,63514.8,63554.4,63348.3,63386.5,12.22521861
1785650400,63386.5,63435.0,63364.7,63421.2,13.55488982
1785654000,63421.2,63474.1,63414.5,63427.4,16.00824653
1785657600,63427.5,63451.6,63117.8,63117.8,25.29532027
1785661200,63117.9,63249.3,63036.1,63202.8,7.90225736
1785664800,63202.7,63210.0,63052.0,63127.3,18.37434571
1785668400,63127.3,63140.8,62916.1,62965.8,28.93228948
1785672000,62965.8,63155.8,62965.8,63059.3,9.66035511
1785675600,63059.9,63083.7,62932.7,63047.1,52.98273789
1785679200,63047.1,63113.7,62993.0,63004.1,15.28168026
1785682800,63004.2,63090.9,62983.3,63046.2,19.17566715
1785686400,63046.2,63190.3,63000.0,63111.0,19.35475789
1785690000,63111.1,63270.0,63084.9,63236.0,27.00436322
1785693600,63236.0,63521.0,63215.6,63311.9,77.16994348
1785697200,63311.9,63407.9,63256.8,63378.1,21.43923986
1785700800,63378.1,63435.2,63332.1,63427.2,15.09619511
1785704400,63427.2,63696.8,63405.3,63500.9,48.56263711
1785708000,63501.0,63712.1,63290.0,63351.4,34.40973031
1785711600,63351.3,63516.6,63277.8,63500.0,14.26234354
1785715200,63500.0,63513.4,63150.0,63243.8,55.74908925
1785718800,63243.8,63285.7,63042.8,63127.1,18.85442064
1785722400,63127.2,63190.0,63027.7,63063.8,6.39183590
1785726000,63063.7,63083.5,62719.9,62793.4,30.46676947
1785729600,62793.4,62916.2,62719.9,62720.0,26.48793368
1785733200,62720.0,62794.8,62695.8,62743.3,48.53677594
1785736800,62743.4,62782.6,62558.6,62558.6,42.77352262
1785740400,62558.7,62618.0,62480.0,62531.0,28.11578139
1785744000,62531.2,62568.1,62218.4,62451.6,58.90524518
1785747600,62451.6,62771.1,62444.6,62755.1,22.72653300
1785751200,62754.0,62771.1,62542.2,62662.2,25.24882540
1785754800,62662.2,62690.1,62468.4,62469.0,14.84093510
1785758400,62480.4,62707.6,62363.8,62626.5,86.68165521
1785762000,62626.5,63300.0,62500.1,63258.8,148.85292529
1785765600,63258.8,63904.1,63061.5,63887.4,170.96748937
1785769200,63887.4,63904.1,63571.2,63603.3,183.43915145
1785772800,63619.5,63877.5,63598.0,63704.0,95.28044400
1785776400,63705.1,63980.1,63653.2,63848.4,95.43197407
1785780000,63848.4,63927.9,63704.1,63807.2,53.86258445
1785783600,63807.2,64008.2,63784.8,63813.4,106.80970701
1785787200,63808.5,63953.1,63711.3,63735.9,74.76962308
1785790800,63735.9,63735.9,63497.4,63542.9,36.61924221
1785794400,63535.0,63600.0,63346.1,63550.9,35.98200613
1785798000,63551.0,63557.2,63401.8,63461.7,122.03825869
1785801600,63461.8,63525.2,63270.3,63288.9,90.02601523
1785805200,63289.0,63849.8,63288.9,63776.2,50.78830080
1785808800,63776.3,63888.1,63617.6,63760.5,25.26605354
1785812400,63760.5,63791.3,63595.2,63735.8,7.93926692
1785816000,63733.9,64183.5,63695.0,63975.9,48.71006205
1785819600,63975.9,64000.8,63739.7,63743.2,20.51655606
1785823200,63749.3,63792.9,63600.4,63610.6,17.68696747
1785826800,63610.6,63692.2,63452.7,63627.7,23.17176417
1785830400,63627.7,63681.9,63503.8,63521.3,15.88622208
1785834000,63521.3,63543.0,63450.0,63523.8,25.74893430
1785837600,63523.9,63769.6,63400.0,63697.7,32.16227276
1785841200,63697.8,63892.0,63646.5,63861.1,27.29061466
1785844800,63861.1,63971.0,63728.5,63845.7,81.57441643
1785848400,63836.8,64018.6,63597.5,63610.8,192.81025906
1785852000,63616.6,64126.2,63551.8,64075.6,96.90347690
1785855600,64067.1,64159.9,63765.6,64080.1,71.50641698
1785859200,64080.1,64080.1,63860.4,63899.7,45.62232763
1785862800,63899.7,64120.0,63843.7,63930.3,37.99892385
1785866400,63930.3,64370.0,63930.2,64255.6,78.59303686
1785870000,64255.7,64349.0,64167.5,64181.8,116.52662671
1785873600,64175.7,64350.0,63936.3,64297.9,100.01306979
1785877200,64297.9,64297.9,64128.1,64149.8,22.30012018
1785880800,64149.9,64253.9,64093.3,64220.0,23.85937401
1785884400,64220.0,64464.9,64041.6,64053.7,37.04924399
1785888000,64053.7,64135.7,63936.1,63941.1,39.47103341
1785891600,63941.1,64288.0,63901.1,64276.8,12.98008609
1785895200,64276.9,64442.4,64276.8,64314.5,31.61421081
1785898800,64314.5,64391.6,64003.2,64126.8,25.01296368
1785902400,64126.8,64160.2,64045.3,64115.7,14.97045659
1785906000,64115.7,64472.8,64115.6,64275.8,29.34366785
1785909600,64275.8,64317.9,64186.0,64199.9,9.97691200
1785913200,64199.9,64223.3,63952.9,64105.0,22.00050931
1785916800,64105.9,64229.7,64050.3,64063.0,18.11195202
1785920400,64063.0,64147.6,64056.6,64096.6,6.65206363
1785924000,64096.7,64173.4,63969.0,64004.3,15.30986897
1785927600,64004.3,64075.0,63991.0,64015.2,22.08172877
1785931200,64015.3,64500.0,63998.2,64277.8,85.72711386
1785934800,64272.3,64349.6,63823.0,64349.6,108.47006785
1785938400,64349.6,64511.8,64246.1,64429.0,95.67771844
1785942000,64429.0,64695.4,64332.2,64332.3,102.28120842
1785945600,64332.3,64700.0,64332.3,64606.9,53.29389730
1785949200,64607.0,64719.0,64484.1,64711.8,53.77552430
1785952800,64711.8,64770.0,64604.3,64745.8,187.93171841
1785956400,64745.8,64882.8,64730.5,64790.9,133.29306508
1785960000,64791.0,64954.6,64754.0,64781.8,85.37500393
1785963600,64778.6,64781.1,64604.0,64675.2,49.25078815
1785967200,64675.2,64722.7,64590.0,64590.1,29.97444236
1785970800,64590.1,64692.1,64527.5,64599.2,17.44793069
1785974400,64599.3,64647.2,64512.1,64595.5,17.16305231
1785978000,64595.5,64602.1,64442.5,64526.1,27.18997951
1785981600,64526.1,64584.5,64372.6,64515.3,28.28058150
1785985200,64515.4,64515.4,64427.9,64460.3,7.78531817
1785988800,64460.9,64668.8,64436.0,64668.4,12.02218779
1785992400,64668.4,64936.4,64668.4,64838.9,88.81645005
1785996000,64839.1,64848.2,64683.7,64782.9,8.26901225
1785999600,64783.0,64879.3,64725.0,64756.5,17.05491948
1786003200,64756.5,64915.8,64689.7,64875.9,18.08713986
1786006800,64876.0,64876.0,64572.0,64613.0,19.11923330
1786010400,64613.1,64621.8,64523.1,64548.3,12.32331688
1786014000,64549.0,64582.8,64440.5,64535.0,28.64942699
1786017600,64535.0,64567.2,64324.3,64360.3,24.15557711
1786021200,64360.4,64444.9,64100.9,64363.7,138.94044208
1786024800,64363.7,64760.7,64288.7,64707.0,126.23889332
1786028400,64707.0,64929.4,64566.6,64573.6,67.97842978
1786032000,64573.6,64715.3,64535.3,64675.9,34.99484224
1786035600,64676.0,64769.5,64484.6,64557.2,57.67061044
1786039200,64557.3,64557.3,64326.6,64358.1,39.48147316
1786042800,64357.1,64411.9,64318.9,64401.7,36.06033871
1786046400,64401.7,64475.6,64390.0,64391.2,114.24365893
1786050000,64391.2,64461.9,64355.1,64386.7,17.43036603
1786053600,64386.7,64403.4,64270.6,64300.1,26.27382396
1786057200,64300.1,64308.2,64134.0,64259.2,15.92126551
1786060800,64267.1,64340.0,64168.0,64258.0,15.82820080
1786064400,64258.0,64412.5,64236.0,64363.6,26.59601527
1786068000,64363.7,64469.0,64207.2,64356.1,24.15311403
1786071600,64356.1,64356.1,64215.7,64230.3,7.37709446
1786075200,64230.4,64300.0,64114.3,64190.6,10.59111231
1786078800,64190.7,64326.1,64119.5,64281.2,5.32461906
1786082400,64280.1,64400.0,64230.6,64248.3,10.26699756
1786086000,64248.3,64366.9,64208.5,64269.5,19.74467712
1786089600,64269.5,64610.0,64250.1,64544.9,40.38837809
1786093200,64545.0,64894.3,64545.0,64786.1,36.54517795
1786096800,64786.1,64845.5,64722.5,64827.8,178.78054113
1786100400,64827.9,65148.1,64827.9,64974.0,126.48322341
1786104000,64974.0,65322.2,64950.0,65236.2,145.83866279
1786107600,65236.3,65289.1,64950.0,64950.3,80.01906421
1786111200,64950.4,65216.0,64747.2,64902.8,89.88041729
1786114800,64904.1,65076.9,64845.6,64860.4,77.90153160
1786118400,64860.5,65029.9,64742.0,64742.6,58.77773504
1786122000,64742.6,64774.3,64479.4,64715.1,70.81864083
1786125600,64715.1,64828.8,64638.0,64671.5,60.17050759
1786129200,64674.5,64975.2,64674.5,64914.0,56.07651260
1786132800,64914.2,64987.7,64905.1,64930.9,24.70359494
1786136400,64931.4,65043.6,64901.0,64901.0,119.54554527
1786140000,64901.1,64913.9,64811.0,64846.4,32.90314379
1786143600,64846.4,64887.2,64845.1,64886.1,8.36703517
1786147200,64886.2,64921.4,64800.0,64884.6,16.28732688
1786150800,64886.4,64928.3,64858.2,64877.7,36.80075260
1786154400,64877.8,64923.7,64862.0,64886.4,3.56906421
1786158000,64886.4,65000.0,64874.9,64980.1,70.86742508
1786161600,64980.1,65000.0,64926.9,64963.0,22.19558736
1786165200,64963.0,64985.0,64950.1,64959.6,5.41864665
1786168800,64959.6,64969.0,64923.2,64965.8,11.73603733
1786172400,64965.8,64967.6,64913.9,64914.0,3.53854445
1786176000,64914.0,64957.9,64913.9,64956.2,8.90608502
1786179600,64956.2,65000.0,64956.1,64957.1,4.45192531
1786183200,64957.1,64980.0,64957.0,64974.5,2.53317881
1786186800,64974.5,64974.5,64908.9,64919.1,9.70898425
1786190400,64919.1,64996.6,64878.2,64963.6,6.81438483
1786194000,64963.7,64981.6,64960.4,64974.3,8.34707398
1786197600,64974.3,65141.9,64974.2,65081.5,69.50157315
1786201200,65081.6,65109.2,65011.1,65049.9,16.21561161
1786204800,65049.9,65077.3,64991.5,65036.4,23.64483252
1786208400,65036.4,65093.3,65032.3,65072.3,24.13496092
1786212000,65072.3,65082.6,64980.1,64994.4,18.49928794
1786215600,64994.5,65032.0,64969.1,65032.0,5.96298222
1786219200,65032.0,65032.1,65021.2,65025.5,4.85281025
1786222800,65025.5,65030.7,64959.2,64963.3,7.40399782
1786226400,64963.3,64985.1,64891.9,64893.6,19.48883074
1786230000,64893.6,64918.0,64885.3,64901.1,8.10389416
1786233600,64901.2,64928.6,64899.6,64925.7,2.92661687
1786237200,64925.7,64953.2,64800.0,64814.2,3.47637458
1786240800,64814.3,64814.3,64736.7,64768.5,11.90113295
1786244400,64768.5,64768.5,64674.2,64730.9,10.45968186
1786248000,64730.9,64767.9,64730.8,64732.9,3.89702823
1786251600,64732.9,64743.9,64730.4,64743.9,3.34165501
1786255200,64743.9,64811.2,64743.9,64811.2,7.90081940
1786258800,64811.2,64811.2,64787.0,64787.1,4.28533985
1786262400,64787.1,64879.1,64750.0,64763.0,28.20302221
1786266000,64763.0,64823.5,64755.8,64823.4,2.35343241
1786269600,64823.5,64926.5,64823.5,64921.3,8.42598718
1786273200,64921.3,64955.1,64900.0,64900.0,4.64762745
1786276800,64900.1,64902.3,64884.8,64899.9,4.93625933
1786280400,64900.0,65196.0,64899.9,65175.1,26.37725369
1786284000,65175.1,65221.0,65111.1,65198.1,34.53220488
1786287600,65198.2,65217.2,65152.7,65177.1,29.53734249
1786291200,65177.1,65200.1,65130.6,65193.5,24.98298679
1786294800,65193.5,65193.5,65165.0,65165.1,22.39261571
1786298400,65165.1,65165.1,65133.9,65139.3,13.38884203
1786302000,65139.3,65160.0,65129.9,65141.0,8.44066195
1786305600,65141.0,65141.0,65025.1,65086.8,9.08891881
1786309200,65086.8,65200.8,65069.4,65151.5,192.10192450
1786312800,65151.6,65425.5,64935.7,65025.0,93.28956904
1786316400,65025.1,65040.6,64802.1,64860.0,14.92220271
1786320000,64860.0,65260.9,64775.8,64914.5,46.43553639
1786323600,64918.4,65328.8,64844.6,65141.0,20.50871611
1786327200,65141.1,65160.9,64861.5,65046.1,13.19602424
1786330800,65046.1,65109.1,64861.4,64917.4,6.07266446
1786334400,64917.4,65040.3,64879.7,64957.1,9.85169259
1786338000,64957.1,65102.2,64927.0,65087.0,7.65570454
1786341600,65087.0,65267.4,65084.7,65245.9,15.34915578
1786345200,65245.9,65298.7,65153.3,65153.7,14.48152686
1786348800,65153.8,65275.7,65153.8,65199.9,39.92542916
1786352400,65200.0,65200.0,64911.6,64913.6,19.75115763
1786356000,64913.6,65019.6,64913.6,64972.6,9.91394326
1786359600,64972.7,65078.7,64926.4,65071.8,21.60496684
1786363200,65072.0,65180.0,64806.4,64813.8,44.76402218
1786366800,64813.9,64913.9,64445.5,64510.4,126.01906256
1786370400,64510.5,64838.0,64493.5,64570.1,91.06148015
1786374000,64576.4,64657.6,64158.8,64231.7,184.75709485
1786377600,64231.7,64292.7,63759.2,63831.5,188.84690950
1786381200,63835.9,63947.6,63757.2,63879.7,84.00022946
1786384800,63879.7,63940.1,63750.0,63835.9,74.83885061
1786388400,63835.5,64029.2,63829.5,63975.7,61.42689897
1786392000,63975.7,64133.7,63960.0,64098.1,62.93849547
1786395600,64098.1,64098.1,63920.5,63932.1,29.24386823
1786399200,63932.1,63999.0,63880.0,63956.2,11.57628409
1786402800,63958.0,63962.5,63867.8,63922.1,40.46607781
1786406400,63922.1,63989.6,63837.2,63989.2,11.72055582
1786410000,63989.2,64008.0,63905.0,64008.0,8.38163885
1786413600,64008.0,64027.4,63969.0,63986.2,7.58791081
1786417200,63986.3,64098.1,63986.2,64071.3,17.10289166
1786420800,64071.3,64071.3,63967.3,63972.1,12.99105076
1786424400,63962.2,63981.9,63905.3,63950.8,7.18802388
1786428000,63950.8,63976.1,63797.5,63903.3,35.36124065
1786431600,63903.3,64024.4,63841.0,64003.4,15.42992153
1786435200,64003.4,64088.0,63992.6,64072.9,71.87753235
1786438800,64072.9,64248.4,64064.9,64243.0,20.25413864
1786442400,64243.0,64243.0,64150.1,64167.7,17.41501510
1786446000,64167.7,64339.8,64167.7,64339.5,18.56426949
1786449600,64339.4,64437.6,64237.1,64269.3,18.24701308
1786453200,64269.3,64314.9,63987.1,64144.7,33.17298034
1786456800,64144.7,64198.6,63655.0,63708.5,54.36321785
1786460400,63708.6,63811.3,63405.9,63558.1,167.50867523
1786464000,63558.1,63598.8,63425.0,63447.0,43.96941658
1786467600,63447.1,63574.6,63405.0,63544.4,61.53332771
1786471200,63544.5,63556.3,63191.8,63304.1,131.45302691
1786474800,63304.1,63478.4,63137.2,63478.4,80.40740531
1786478400,63477.4,63689.1,63477.3,63682.9,71.56003230
1786482000,63682.9,63700.7,63570.0,63623.7,32.56512614
1786485600,63622.1,63708.6,63580.3,63620.5,18.12890487
1786489200,63620.5,63620.5,63483.5,63541.1,35.27972219
1786492800,63541.1,63684.1,63479.1,63684.1,27.13141775
1786496400,63684.1,63796.3,63639.0,63762.0,26.71857913
1786500000,63764.1,63826.7,63676.6,63681.9,22.01530770
1786503600,63689.0,63786.0,63644.6,63774.7,38.77773519
1786507200,63774.7,63825.4,63677.0,63712.6,15.19450047
1786510800,63712.6,63805.0,63671.2,63790.4,4.21947395
1786514400,63790.4,63790.4,63564.7,63653.4,13.59847528
1786518000,63653.5,63763.3,63588.3,63763.2,11.10916223
1786521600,63763.3,63797.0,63708.1,63727.7,6.68889502
1786525200,63727.8,64034.0,63708.6,64033.9,45.41707375
1786528800,64034.0,64141.5,64000.2,64083.4,18.18182279
1786532400,64083.5,64180.0,64054.7,64164.9,25.28931294
1786536000,64165.0,64409.2,63913.1,64068.7,126.44447491
1786539600,64067.5,64102.3,63781.0,63781.0,66.31552304
1786543200,63781.0,63860.2,63307.1,63307.1,139.16729856
1786546800,63307.2,63485.8,63269.1,63376.2,74.73269366
1786550400,63373.1,63500.1,63307.0,63421.3,57.21894140
1786554000,63421.3,63476.7,63340.1,63409.3,34.94750269
1786557600,63409.3,63456.6,63306.1,63313.7,51.45447134
1786561200,63312.5,63376.0,63247.4,63352.6,39.30083681
1786564800,63352.0,63534.9,63351.9,63532.3,27.55321752
1786568400,63532.3,63574.7,63380.0,63390.8,36.46625911
1786572000,63390.8,63473.2,63300.0,63365.0,19.68718257
1786575600,63365.1,63412.0,63319.0,63412.0,19.54177310
1786579200,63412.5,63628.0,63402.2,63506.6,50.25203475
1786582800,63492.7,63559.9,63319.0,63394.0,48.59878719
1786586400,63394.0,63500.0,63319.1,63480.6,8.05125132
1786590000,63480.6,63608.0,63450.0,63575.3,20.30346697
1786593600,63575.4,63707.6,63524.7,63622.1,15.56250798
1786597200,63622.5,63929.8,63620.0,63824.2,48.71473093
1786600800,63824.2,63869.8,63687.9,63869.8,42.65324374
1786604400,63869.8,63869.8,63787.0,63797.5,6.17652533
1786608000,63797.5,63828.1,63675.1,63699.1,12.93642581
1786611600,63701.3,63724.9,63536.5,63722.2,12.20469287
1786615200,63722.2,63750.5,63525.2,63593.1,20.94462069
1786618800,63593.2,63594.0,63300.6,63406.0,17.53017451
1786622400,63406.0,63636.8,63377.1,63626.2,25.51345082
1786626000,63626.2,63772.4,63501.8,63655.4,68.06639180
1786629600,63655.4,63915.0,63617.7,63807.4,101.80899442
1786633200,63802.0,63871.1,63369.0,63369.1,83.60730795
1786636800,63369.1,63500.0,62800.0,63089.3,174.14821058
1786640400,63098.7,63232.0,63032.2,63090.0,70.19945806
1786644000,63090.1,63295.0,63050.0,63249.9,37.37634094
1786647600,63250.0,63437.2,63249.9,63334.9,43.17522721
1786651200,63334.9,63407.5,63302.5,63349.8,37.29285061
1786654800,63349.8,63437.2,63327.1,63405.4,28.64845590
1786658400,63405.4,63567.0,63405.3,63468.1,27.76626980
1786662000,63468.1,63474.7,63340.0,63423.3,31.20851606
1786665600,63423.3,63499.1,63351.0,63482.9,32.46539187
1786669200,63482.9,63522.0,63389.8,63501.5,28.69298808
1786672800,63501.6,63557.7,63407.0,63407.0,16.21901367
1786676400,63404.2,63512.0,63246.8,63251.1,35.94120763
1786680000,63254.8,63408.7,63221.2,63321.6,29.22629339
1786683600,63321.6,63335.7,63240.0,63328.6,13.91265935
1786687200,63328.7,63328.7,62899.3,62915.0,107.24821099
1786690800,62915.1,63047.5,62862.7,62862.7,42.64755075
1786694400,62862.8,62926.5,62629.6,62877.9,99.93659358
1786698000,62877.9,62877.9,62672.7,62729.8,26.12049523
1786701600,62729.8,62875.1,62683.9,62749.4,15.46403139
1786705200,62749.4,62869.6,62749.3,62804.9,15.88706298
1786708800,62805.0,62841.4,62667.8,62676.0,75.04061161
1786712400,62676.0,62750.0,62535.1,62582.5,186.70512701
1786716000,62582.5,62719.8,62490.0,62553.0,63.44298341
1786719600,62553.0,62996.9,62542.4,62914.0,98.17973276
1786723200,62914.0,63156.0,62887.3,63066.2,162.18484944
1786726800,63066.2,63174.3,62927.4,62940.9,200.90587495
1786730400,62940.8,63002.0,62821.7,62846.7,36.52513494
1786734000,62846.7,62916.4,62756.0,62887.3,94.40913165
1786737600,62887.4,62950.2,62824.7,62840.2,51.54319049
1786741200,62840.3,62869.7,62805.8,62863.2,29.24942073
1786744800,62863.3,62895.4,62723.8,62829.4,43.57019876
1786748400,62829.5,62999.1,62795.4,62979.4,24.20685231
1786752000,62979.4,62991.3,62933.0,62955.3,18.83348670
1786755600,62955.3,62978.1,62928.7,62974.1,9.95909949
1786759200,62974.1,63056.5,62974.1,63056.5,9.38127244
1786762800,63056.5,63111.0,62989.8,62989.8,28.15756313
1786766400,62989.9,63090.2,62989.9,63057.3,30.78351025
1786770000,63057.4,63088.7,62986.4,63020.4,12.65434131
1786773600,63020.4,63068.8,62970.7,63052.4,9.86931198
1786777200,63052.5,63064.0,62987.0,62987.1,20.37186193
1786780800,62987.1,63020.3,62867.5,62867.5,27.25891598
1786784400,62867.6,62978.0,62855.8,62976.3,5.99797694
1786788000,62976.3,62978.4,62938.7,62964.1,4.18227293
1786791600,62964.2,62987.4,62929.9,62954.9,9.01088763
1786795200,62954.6,62986.0,62883.0,62985.2,8.82824721
1786798800,62985.3,62999.0,62953.7,62976.8,9.85712367
1786802400,62976.8,62976.8,62935.2,62974.6,12.63946317
1786806000,62974.6,63052.3,62966.0,63037.1,15.30570212
1786809600,63037.1,63060.6,63000.0,63024.7,13.03724569
1786813200,63024.8,63037.3,63000.0,63002.7,8.56424192
1786816800,63002.9,63022.1,62978.3,62989.0,30.03638978
1786820400,62989.0,63056.1,62988.9,63056.0,7.37771949
1786824000,63056.1,63057.4,63006.7,63015.0,10.84361351
1786827600,63015.0,63090.0,63014.9,63090.0,14.65368553
1786831200,63090.0,63090.0,63060.4,63066.6,13.02829358
1786834800,63066.6,63074.4,63023.9,63024.3,8.42907581
1786838400,63024.3,63024.3,62998.0,63001.1,12.65475073
1786842000,63001.1,63014.0,62950.0,63014.0,12.20495425
1786845600,63014.0,63087.9,62953.9,63055.4,7.02292757
1786849200,63055.4,63059.2,63045.5,63059.1,13.36904058
1786852800,63059.2,63090.0,63012.2,63018.2,15.73012318
1786856400,63018.2,63031.3,62976.0,63002.2,5.96524299
1786860000,63002.2,63020.2,62974.9,62996.7,8.78858054
1786863600,62996.8,62996.8,62987.5,62989.6,2.99598395
1786867200,62989.6,63004.9,62989.1,63003.7,3.18772774
1786870800,63003.7,63003.7,62895.2,62920.1,7.69128641
1786874400,62920.2,62925.0,62900.9,62925.0,3.39322277
1786878000,62925.0,62925.0,62915.0,62924.9,5.17978461
1786881600,62925.0,62954.0,62916.8,62940.0,16.69208050
1786885200,62940.0,62998.9,62939.9,62998.9,17.75618881
1786888800,62998.9,63035.4,62988.5,63035.2,7.83178474
1786892400,63035.2,63075.0,63035.1,63075.0,11.82947218
1786896000,63075.0,63310.0,63074.9,63200.3,57.33908918
1786899600,63200.4,63228.2,63073.0,63100.6,47.33401878
1786903200,63100.6,63105.6,63076.0,63077.6,8.03799938
1786906800,63077.6,63155.0,63049.1,63049.1,29.24723862
1786910400,63049.1,63070.2,62967.7,62998.3,42.63054876
1786914000,62998.3,63005.0,62683.0,62899.0,52.58148196
1786917600,62875.4,62890.0,62660.0,62835.1,59.19814270
1786921200,62851.4,62927.1,62767.7,62819.1,38.41149721
1786924800,62819.1,62878.7,62683.4,62840.2,148.65625384
1786928400,62840.2,63167.9,62825.6,63048.3,110.02989936
